﻿<?xml version="1.0" encoding="utf-8" ?>
<Defs>
  <!--for some reason this fleck from CE my mod doesnt see, so we have this.-->
  <FleckDef ParentName="FleckBase_Thrown">
    <defName>Fleck_CEBlackpowderSmokeShort</defName>
    <graphicData>
      <texPath>Things/Mote/Smoke</texPath>
      <shaderType>Transparent</shaderType>
      <color>(1, 1, 1,0.8)</color>
    </graphicData>
    <altitudeLayer>MoteOverhead</altitudeLayer>
    <fadeInTime>0.14</fadeInTime>
    <solidTime>0.5</solidTime>
    <fadeOutTime>2.5</fadeOutTime>
    <growthRate>0.5</growthRate>
  </FleckDef>
</Defs>