﻿<?xml version="1.0" encoding="utf-8" ?>
<Defs>
  <WorkGiverDef ParentName="WorkGiverPrioritizeSustains">
    <defName>DoBillsMakeWeapons</defName>
    <label>forge items</label>
    <workType>Smithing</workType>
    <priorityInType>115</priorityInType>
    <fixedBillGiverDefs>
      <li>ElectricSmithy</li>
      <li>FueledSmithy</li>
      <li>Finery</li>
      <li>MusketBench</li>
    </fixedBillGiverDefs>
    <verb>forging</verb>
    <gerund>forging at</gerund>
  </WorkGiverDef>
</Defs>
