<?xml version="1.0" encoding="utf-8" ?>
<Defs>
  <!-- ==================THING============================ -->
  <ThingDef ParentName="BaseGun_LongBarreled">
    <defName>AF_Caliver</defName>
    <label>Caliver Musket, .59 caliber</label>
    <description>lighter, handier musket, designed for use by ordinary soldiers without the strength to serve as musketeers. \nCaliber: .59</description>
    <graphicData>
      <texPath>Things/Weapons/AFCaliver</texPath>
      <graphicClass>Graphic_Single</graphicClass>
    </graphicData>
    <soundInteract>Interact_Shotgun</soundInteract>
    <thingCategories>
      <li>BlackPowderGun</li>
    </thingCategories>
    <weaponTags>
      <li>Rifles</li>
    </weaponTags>
    <statBases>
      <MarketValue>135</MarketValue>
      <SightsEfficiency>0.57</SightsEfficiency>
      <ShotSpread>0.45</ShotSpread>
      <SwayFactor>1.6</SwayFactor>
      <RangedWeapon_Cooldown>0.86</RangedWeapon_Cooldown>
      <Bulk>13</Bulk>
      <Mass>2.99</Mass>
      <WorkToMake>11500</WorkToMake>
    </statBases>
    <verbs>
      <li Class="CombatExtended.VerbPropertiesCE">
        <verbClass>CombatExtended.Verb_ShootCE</verbClass>
        <hasStandardCommand>true</hasStandardCommand>
        <defaultProjectile>Bullet_59Caliber_Lead</defaultProjectile>
        <warmupTime>1.2</warmupTime>
        <range>23</range>
        <recoilAmount>2.85</recoilAmount>
        <soundCast>Springfield</soundCast>
        <soundCastTail>GunTail_Heavy</soundCastTail>
        <muzzleFlashScale>9</muzzleFlashScale>
      </li>
    </verbs>
    <comps>
      <li Class="CombatExtended.CompProperties_FireModes">
        <aiAimMode>AimedShot</aiAimMode>
      </li>
      <li Class="CombatExtended.CompProperties_AmmoUser">
        <magazineSize>1</magazineSize>
        <reloadTime>2</reloadTime>
        <ammoSet>AmmoSet_59Caliber</ammoSet>
      </li>
    </comps>
    <modExtensions>
      <li Class="CombatExtended.GunDrawExtension">
        <DrawSize>1.4,1.4</DrawSize>
      </li>
    </modExtensions>
    <smeltProducts>
      <ComponentMedieval>1</ComponentMedieval>
  </smeltProducts>
    
  </ThingDef>
  <!-- ====================RECIPE========================== -->
  <RecipeDef ParentName="RangedWeaponRecipeBase">
    <defName>BuildAF_Caliver</defName>
    <label>Build Caliver Musket</label>
    <description>Caliver Musket. .\nCaliber: .59</description>
    <jobString>Building Caliver Musket.</jobString>
    <workAmount>11500</workAmount>
    <skillRequirements>
      <Crafting>5</Crafting>
    </skillRequirements>
    <ingredients>
      <li>
        <filter>
          <thingDefs>
            <li>ComponentMedieval</li>
          </thingDefs>
        </filter>
        <count>1</count>
      </li>
      <li>
        <filter>
          <thingDefs>
            <li>RushlightFuel</li>
            <li>CandleFuel</li>
          </thingDefs>
        </filter>
        <count>2</count>
      </li>
      <li>
        <filter>
          <categories>
            <li>SLDBar</li>
          </categories>
        </filter>
        <count>60</count>
      </li>
      <li>
        <filter>
          <categories>
            <li>Woody</li>
          </categories>
        </filter>
        <count>10</count>
      </li>
    </ingredients>
    <products>
      <AF_Caliver>1</AF_Caliver>
    </products>
    <fixedIngredientFilter>
      <thingDefs>
        <li>ComponentMedieval</li>
        <li>RushlightFuel</li>
        <li>CandleFuel</li>
      </thingDefs>
      <categories>
        <li>SLDBar</li>
        <li>Woody</li>
      </categories>
    </fixedIngredientFilter>
    <recipeUsers>
      <li>MusketBench</li>
    </recipeUsers>
    <researchPrerequisite>AF_Research_Matchlocks</researchPrerequisite>
    <unfinishedThingDef>UnfinishedGun</unfinishedThingDef>
  </RecipeDef>
</Defs>