﻿<?xml version="1.0" encoding="utf-8" ?>
<Defs>

  <ThingCategoryDef>
    <defName>Ammo4555RCaliber</defName>
    <label>.45-55 Rimmed</label>
    <parent>AmmoMusket</parent>
    <iconPath>UI/Icons/ThingCategories/CaliberRifle</iconPath>
  </ThingCategoryDef>

  <!-- ==================== AmmoSet ========================== -->

  <CombatExtended.AmmoSetDef>
    <defName>AmmoSet_4550RCaliber</defName>
    <label>.45-55 caliber Ball</label>
    <ammoTypes>
      <Ammo_45Caliber_Lead>Bullet_4555RCaliber_FMJ</Ammo_45Caliber_Lead>
    </ammoTypes>
  </CombatExtended.AmmoSetDef>

  <!-- ==================== Ammo ========================== -->

  <ThingDef Class="CombatExtended.AmmoDef" Name="4555RCaliberBase" ParentName="SmallAmmoBase" Abstract="True">
    <description>Round bullet with powder, wrapped in paper.</description>
    <statBases>
      <Mass>0.0044</Mass>
      <Bulk>0.03</Bulk>
    </statBases>
    <tradeTags>
      <li>CE_AutoEnableTrade</li>
      <li>CE_AutoEnableCrafting</li>
    </tradeTags>
    <thingCategories>
      <li>Ammo4555RCaliber</li>
    </thingCategories>
    <comps>
      <li Class="CompProperties_Explosive">
        <explosiveRadius>0.45</explosiveRadius>
        <explosiveDamageType>Flame</explosiveDamageType>
        <explosiveExpandPerStackcount>0.01</explosiveExpandPerStackcount>
        <startWickHitPointsPercent>0.333</startWickHitPointsPercent>
        <wickTicks>
          <min>5</min>
          <max>10</max>
        </wickTicks>
      </li>
    </comps>
  </ThingDef>

  <ThingDef Class="CombatExtended.AmmoDef" ParentName="4555RCaliberBase">
    <defName>Ammo_4555RCaliber_Lead</defName>
    <label>.45-55R caliber Ball</label>
    <graphicData>
      <texPath>Things/Ammo/Medieval/Blunderbuss/Paper</texPath>
      <graphicClass>Graphic_StackCount</graphicClass>
    </graphicData>
    <statBases>
      <MarketValue>0.2</MarketValue>
    </statBases>
    <ammoClass>LeadBall</ammoClass>
    <cookOffProjectile>Bullet_4555RCaliber_FMJ</cookOffProjectile>
  </ThingDef>

  <!-- ================== Projectiles ================== -->

  <ThingDef Class="CombatExtended.AmmoDef" Name="Base4555RCaliberBullet" ParentName="SK_BaseBullet" Abstract="true">
    <graphicData>
      <texPath>Things/Projectile/Bullet_Small</texPath>
      <graphicClass>Graphic_Single</graphicClass>
    </graphicData>
    <projectile Class="CombatExtended.ProjectilePropertiesCE">
      <damageDef>Bullet</damageDef>
      <speed>120</speed>
      <dropsCasings>False</dropsCasings>
    </projectile>
  </ThingDef>

  <ThingDef Class="CombatExtended.AmmoDef" ParentName="Base4555RCaliberBullet">
    <defName>Bullet_4555RCaliber_FMJ</defName>
    <label>.4550R caliber FMJ</label>
    <projectile Class="CombatExtended.ProjectilePropertiesCE">
      <damageAmountBase>12</damageAmountBase>
      <armorPenetrationSharp>5</armorPenetrationSharp>
      <armorPenetrationBlunt>17.68</armorPenetrationBlunt>
    </projectile>
  </ThingDef>

  <!-- ==================== Recipes ========================== -->

  <!-- BALL FORGE-->
  <RecipeDef ParentName="AmmoRecipeBlackPowderBase">
    <defName>MakeAmmo_4555RCaliber_Lead</defName>
    <label>make .45-55R caliber FMJ x25</label>
    <description>Craft 25 .45-55R caliber Ball rounds.</description>
    <jobString>Making .45-55R caliber Ball rounds.</jobString>
    <workAmount>450</workAmount>
    <ingredients>
      <li>
        <filter>
          <thingDefs>
            <li>LeadBar</li>
          </thingDefs>
        </filter>
        <count>3</count>
      </li>
      <li>
        <filter>
          <thingDefs>
            <li>Powder</li>
            <li>SerpentinePowder</li>
          </thingDefs>
        </filter>
        <count>1</count>
      </li>
    </ingredients>
    <fixedIngredientFilter>
      <categories>
        <li>HeavyBar</li>
      </categories>
      <thingDefs>
        <li>Powder</li>
        <li>SerpentinePowder</li>
      </thingDefs>
    </fixedIngredientFilter>
    <products>
      <Ammo_4555RCaliber_Lead>25</Ammo_4555RCaliber_Lead>
    </products>
    <skillRequirements>
      <Crafting>1</Crafting>
    </skillRequirements>
    <workSkill>Crafting</workSkill>
    <workSkillLearnFactor>0.8</workSkillLearnFactor>
    <researchPrerequisite>Muskets_B3</researchPrerequisite>
    <!-- Smithing -->
  </RecipeDef>

</Defs>
