﻿<?xml version="1.0" encoding="utf-8"?>
<Patch>
  <Operation Class="PatchOperationAddModExtension">
    <xpath>Defs/ThingDef[defName="PaB_NIJIIA"]</xpath>
    <value>
      <li Class="LifeLessons.BillProficiencyExtension">
        <requirements>
          <li>Tailoring</li>
          <li>MaterialsChemistry</li>
        </requirements>
        <hardRequirement>True</hardRequirement>
      </li>
    </value>
  </Operation>
  <Operation Class="PatchOperationAddModExtension">
    <xpath>Defs/ThingDef[defName="PaB_6B5BV"]</xpath>
    <value>
      <li Class="LifeLessons.BillProficiencyExtension">
        <requirements>
          <li>Tailoring</li>
          <li>Smithing</li>
          <li>MaterialsChemistry</li>
        </requirements>
        <hardRequirement>True</hardRequirement>
      </li>
    </value>
  </Operation>
  <Operation Class="PatchOperationAddModExtension">
    <xpath>Defs/ThingDef[defName="PaB_IOTV"]</xpath>
    <value>
      <li Class="LifeLessons.BillProficiencyExtension">
        <requirements>
          <li>AdvancedFabrication</li>
          <li>Physics</li>
          <li>PolymerChemistry</li>
          <li>IndustrialChemistry</li>
        </requirements>
        <hardRequirement>True</hardRequirement>
      </li>
    </value>
  </Operation>
  <Operation Class="PatchOperationAddModExtension">
    <xpath>Defs/ThingDef[defName="PaB_BNC"]</xpath>
    <value>
      <li Class="LifeLessons.BillProficiencyExtension">
        <requirements>
          <li>ArmorSmith</li>
          <li>IndustrialChemistry</li>
          <li>Tailoring</li>
        </requirements>
        <hardRequirement>True</hardRequirement>
      </li>
    </value>
  </Operation>
  <Operation Class="PatchOperationAddModExtension">
    <xpath>Defs/ThingDef[defName="PaB_BAPS"]</xpath>
    <value>
      <li Class="LifeLessons.BillProficiencyExtension">
        <requirements>
          <li>Tailoring</li>
          <li>Smithing</li>
          <li>IndustrialChemistry</li>
          <li>PolymerChemistry</li>
        </requirements>
        <hardRequirement>True</hardRequirement>
      </li>
    </value>
  </Operation>
  <Operation Class="PatchOperationAddModExtension">
    <xpath>Defs/ThingDef[defName="PaB_LBBPS"]</xpath>
    <value>
      <li Class="LifeLessons.BillProficiencyExtension">
        <requirements>
          <li>AdvancedFabrication</li>
          <li>Physics</li>
          <li>PolymerChemistry</li>
          <li>IndustrialChemistry</li>
        </requirements>
        <hardRequirement>True</hardRequirement>
      </li>
    </value>
  </Operation>
  <Operation Class="PatchOperationAddModExtension">
    <xpath>Defs/ThingDef[defName="PaB_MB"]</xpath>
    <value>
      <li Class="LifeLessons.BillProficiencyExtension">
        <requirements>
          <li>Tailoring</li>
          <li>MaterialsChemistry</li>
        </requirements>
        <hardRequirement>True</hardRequirement>
      </li>
    </value>
  </Operation>
  <Operation Class="PatchOperationAddModExtension">
    <xpath>Defs/ThingDef[defName="PaB_TP"]</xpath>
    <value>
      <li Class="LifeLessons.BillProficiencyExtension">
        <requirements>
          <li>AdvancedFabrication</li>
          <li>MaterialsChemistry</li>
          <li>AdvancedScience</li>
        </requirements>
        <hardRequirement>True</hardRequirement>
      </li>
    </value>
  </Operation>
  <Operation Class="PatchOperationAddModExtension">
    <xpath>Defs/ThingDef[defName="PaB_BPI"]</xpath>
    <value>
      <li Class="LifeLessons.BillProficiencyExtension">
        <requirements>
          <li>Smithing</li>
          <li>Machining</li>
          <li>MaterialsChemistry</li>
          <li>Physics</li>
        </requirements>
        <hardRequirement>True</hardRequirement>
      </li>
    </value>
  </Operation>
  <Operation Class="PatchOperationAddModExtension">
    <xpath>Defs/ThingDef[defName="PaB_BPII"]</xpath>
    <value>
      <li Class="LifeLessons.BillProficiencyExtension">
        <requirements>
          <li>Smithing</li>
          <li>Machining</li>
          <li>PolymerChemistry</li>
          <li>Physics</li>
        </requirements>
        <hardRequirement>True</hardRequirement>
      </li>
    </value>
  </Operation>
  <Operation Class="PatchOperationAddModExtension">
    <xpath>Defs/ThingDef[defName="PaB_BPIII"]</xpath>
    <value>
      <li Class="LifeLessons.BillProficiencyExtension">
        <requirements>
          <li>Smithing</li>
          <li>Machining</li>
          <li>PolymerChemistry</li>
          <li>Physics</li>
        </requirements>
        <hardRequirement>True</hardRequirement>
      </li>
    </value>
  </Operation>
  <Operation Class="PatchOperationAddModExtension">
    <xpath>Defs/ThingDef[defName="PaH_Stahlhelm"]</xpath>
    <value>
      <li Class="LifeLessons.BillProficiencyExtension">
        <requirements>
          <li>ArmorSmith</li>
        </requirements>
        <hardRequirement>True</hardRequirement>
      </li>
    </value>
  </Operation>
  <Operation Class="PatchOperationAddModExtension">
    <xpath>Defs/ThingDef[defName="PaH_StahlhelmS"]</xpath>
    <value>
      <li Class="LifeLessons.BillProficiencyExtension">
        <requirements>
          <li>ArmorSmith</li>
        </requirements>
        <hardRequirement>True</hardRequirement>
      </li>
    </value>
  </Operation>
  <Operation Class="PatchOperationAddModExtension">
    <xpath>Defs/ThingDef[defName="PaB_Sappenpanzer"]</xpath>
    <value>
      <li Class="LifeLessons.BillProficiencyExtension">
        <requirements>
          <li>ArmorSmith</li>
        </requirements>
        <hardRequirement>True</hardRequirement>
      </li>
    </value>
  </Operation>
  <Operation Class="PatchOperationAddModExtension">
    <xpath>Defs/ThingDef[defName="PaB_SN46B"]</xpath>
    <value>
      <li Class="LifeLessons.BillProficiencyExtension">
        <requirements>
          <li>ArmorSmith</li>
        </requirements>
        <hardRequirement>True</hardRequirement>
      </li>
    </value>
  </Operation>
  <Operation Class="PatchOperationAddModExtension">
    <xpath>Defs/ThingDef[defName="Pa_S8498III"]</xpath>
    <value>
      <li Class="LifeLessons.BillProficiencyExtension">
        <requirements>
          <li>Smithing</li>
        </requirements>
        <hardRequirement>True</hardRequirement>
      </li>
    </value>
  </Operation>
</Patch>