﻿<?xml version="1.0" encoding="utf-8" ?>
<Defs>
  <ThingDef ParentName="BaseGun_ShortBarreled">
    <defName>AF_Petronel</defName>
    <label>Petronel</label>
    <description>Cavalry weapon with a pistol-like grip, used with the grip resting against the breastplate of a cuirass, and often held two-handed.. \nCaliber: .60</description>
    <graphicData>
      <texPath>Things/Weapons/AFPetronel</texPath>
      <graphicClass>Graphic_Single</graphicClass>
    </graphicData>
    <soundInteract>BPInteract</soundInteract>
    <statBases>
      <MarketValue>280</MarketValue>
      <SightsEfficiency>0.45</SightsEfficiency>
      <ShotSpread>0.45</ShotSpread>
      <SwayFactor>1.5</SwayFactor>
      <RangedWeapon_Cooldown>0.86</RangedWeapon_Cooldown>
      <Bulk>11.50</Bulk>
      <Mass>3.51</Mass>
      <WorkToMake>5500</WorkToMake>
      <MaxHitPoints>45</MaxHitPoints>
      <SellPriceFactor>0.6</SellPriceFactor>
    </statBases>
    <weaponTags>
      <li>BlackPowderGun</li>
    </weaponTags>
    <thingCategories>
      <li>Pistols</li>
    </thingCategories>
    <verbs>
      <li Class="CombatExtended.VerbPropertiesCE">
        <verbClass>CombatExtended.Verb_ShootCE</verbClass>
        <hasStandardCommand>true</hasStandardCommand>
        <defaultProjectile>Bullet_60Caliber_Lead</defaultProjectile>
        <warmupTime>1</warmupTime>
        <range>16</range>
        <recoilAmount>2.72</recoilAmount>
        <soundCast>Pistolet</soundCast>
        <soundCastTail>GunTail_Heavy</soundCastTail>
        <muzzleFlashScale>12</muzzleFlashScale>
      </li>
    </verbs>
    <comps>
      <li Class="CombatExtended.CompProperties_FireModes">
        <aiAimMode>Snapshot</aiAimMode>
      </li>
      <li Class="CombatExtended.CompProperties_AmmoUser">
        <magazineSize>1</magazineSize>
        <reloadTime>2</reloadTime>
        <ammoSet>AmmoSet_60Caliber</ammoSet>
      </li>
    </comps>
    <smeltProducts Inherit="false">
      <ComponentMedieval>3</ComponentMedieval>
    </smeltProducts>
  
  </ThingDef>
  <!-- RECIPE -->
  <RecipeDef ParentName="RangedWeaponRecipeBase">
    <defName>BuildGun_AF_Petronel</defName>
    <label>Build Petronel</label>
    <description>Petronel.</description>
    <jobString>Building Petronel pistol.</jobString>
    <workAmount>5500</workAmount>
    <skillRequirements>
      <Crafting>8</Crafting>
    </skillRequirements>
    <ingredients>
      <li>
        <filter>
          <thingDefs>
            <li>AF_MusketWeaponPart</li>
          </thingDefs>
        </filter>
        <count>2</count>
      </li>
      <li>
        <filter>
          <thingDefs>
            <li>Steel</li>
            <li>Tin</li>
          </thingDefs>
        </filter>
        <count>10</count>
      </li>
      <li>
        <filter>
          <categories>
            <li>SLDBar</li>
          </categories>
        </filter>
        <count>55</count>
      </li>
      <li>
        <filter>
          <categories>
            <li>Woody</li>
          </categories>
        </filter>
        <count>10</count>
      </li>
    </ingredients>
    <products>
      <AF_Petronel>1</AF_Petronel>
    </products>
    <fixedIngredientFilter>
      <thingDefs>
        <li>AF_MusketWeaponPart</li>
        <li>Steel</li>
        <li>Tin</li>
      </thingDefs>
      <categories>
        <li>SLDBar</li>
        <li>Woody</li>
      </categories>
    </fixedIngredientFilter>
    <recipeUsers>
      <li>MusketBench</li>
    </recipeUsers>
    <researchPrerequisite>AF_Research_Wheellocks</researchPrerequisite>
    <unfinishedThingDef>UnfinishedGun</unfinishedThingDef>
  </RecipeDef>
</Defs>
