﻿<?xml version="1.0" encoding="utf-8" ?>
<Defs>
  <ThingDef ParentName="SK_ResourceBase">
    <defName>SmallFlintBlocks</defName>
    <label>Small flint chunks</label>
    <description>Small flint chunks</description>
    <graphicData>
      <texPath>Things/Resource/AF_SmallFlintBlocks</texPath>
      <graphicClass>Graphic_Single</graphicClass>
    </graphicData>
    <statBases>
      <MarketValue>1.9</MarketValue>
      <Mass>0.9</Mass>
    </statBases>
    <stuffProps>
      <statFactors>
        <Beauty>1</Beauty>
        <MarketValue>0.45</MarketValue>
        <MaxHitPoints>2</MaxHitPoints>
        <Mass>0.2</Mass>
      </statFactors>
    </stuffProps>
    <thingCategories>
      <li>StoneBlocks</li>
    </thingCategories>
  </ThingDef>
  <RecipeDef>
    <defName>Make_SmallFlintBlock</defName>
    <label>Small flint blocks (x5)</label>
    <description>Small flint chunks. Produces 5.</description>
    <jobString>Making Small flint chunks.</jobString>
    <ingredients>
      <li>
        <filter>
          <thingDefs>
            <li>ChunkLimestone</li>
            <li>ChunkSlate</li>
            <li>ChunkSandstone</li>
            <li>ZF_BlocksFlint</li>
          </thingDefs>
        </filter>
        <count>1</count>
      </li>
    </ingredients>
    <fixedIngredientFilter>
      <thingDefs>
        <li>ChunkLimestone</li>
        <li>ChunkSlate</li>
        <li>ChunkSandstone</li>
        <li>ZF_BlocksFlint</li>
      </thingDefs>
    </fixedIngredientFilter>
    <products>
      <SmallFlintBlocks>5</SmallFlintBlocks>
      <CrushedStone>15</CrushedStone>
    </products>
    <recipeUsers>
      <li>TableStonecutterNeolithic</li>
      <li>TableStonecutter</li>
    </recipeUsers>
  </RecipeDef>
</Defs>