﻿<?xml version="1.0" encoding="utf-8"?>
<Patch>
	<!--<Operation Class="XmlExtensions.ApplyPatch">
		<patchName>Research_Positions</patchName>
		<arguments>
			<li>Muskets_B1</li>
			<li>4.00</li>
			<li>32.00</li>
		</arguments>
	</Operation>
	<Operation Class="XmlExtensions.ApplyPatch">
		<patchName>Research_Positions</patchName>
		<arguments>
			<li>Muskets_B3</li>
			<li>7.00</li>
			<li>31.00</li>
		</arguments>
	</Operation>
	<Operation Class="XmlExtensions.ApplyPatch">
		<patchName>Research_Positions_Cost</patchName>
		<arguments>
			<li>Parabellum_Alpha</li>
			<li>2000</li>
			<li>7.00</li>
			<li>30.00</li>
		</arguments>
	</Operation>
	
	<Operation Class="XmlExtensions.ApplyPatch">
		<patchName>Research_Positions</patchName>
		<arguments>
			<li>Machining</li>
			<li>9.00</li>
			<li>30.00</li>
		</arguments>
	</Operation>
	<Operation Class="XmlExtensions.ApplyPatch">
		<patchName>Research_Positions</patchName>
		<arguments>
			<li>Gunsmithing</li>
			<li>10.00</li>
			<li>31.00</li>
		</arguments>
	</Operation>
	<Operation Class="XmlExtensions.ApplyPatch">
		<patchName>Research_Positions</patchName>
		<arguments>
			<li>GasOperation</li>
			<li>10.00</li>
			<li>32.00</li>
		</arguments>
	</Operation>
	<Operation Class="XmlExtensions.ApplyPatch">
		<patchName>Research_Positions</patchName>
		<arguments>
			<li>ToxGas</li>
			<li>11.00</li>
			<li>28.00</li>
		</arguments>
	</Operation>
	<Operation Class="XmlExtensions.ApplyPatch">
		<patchName>Research_Positions</patchName>
		<arguments>
			<li>Pistols_C2</li>
			<li>11.00</li>
			<li>31.00</li>
		</arguments>
	</Operation>-->
	<Operation Class="XmlExtensions.ApplyPatch">
		<patchName>Research_Positions</patchName>
		<arguments>
			<li>VPE_CasterGear</li>
			<li>6.00</li>
			<li>38.00</li>
		</arguments>
	</Operation>
	<Operation Class="XmlExtensions.PatchOperationAdd">
		<xmlDoc>ResearchDoc</xmlDoc>
		<xpath>ResearchDoc/ResearchProjectDef[defName="Muskets_B1"]/prerequisites</xpath>
		<value>
			 <li>AF_Matchlocks</li>
		</value>
	</Operation>
	<Operation Class="XmlExtensions.PatchOperationAdd">
		<xmlDoc>ResearchDoc</xmlDoc>
		<xpath>ResearchDoc/ResearchProjectDef[defName="Muskets_B3"]/prerequisites</xpath>
		<value>
			 <li>AF_MetallicCartridge</li>
		</value>
	</Operation>
	<Operation Class="XmlExtensions.PatchOperationReplace">
		<xmlDoc>ResearchDoc</xmlDoc>
		<xpath>ResearchDoc/ResearchProjectDef[defName="Muskets_B3"]/baseCost</xpath>
		<value>
			<baseCost>1200</baseCost>
		</value>
	</Operation>
	<Operation Class="XmlExtensions.PatchOperationReplace">
		<xmlDoc>ResearchDoc</xmlDoc>
		<xpath>ResearchDoc/ResearchProjectDef[defName="Parabellum_Alpha"]/baseCost</xpath>
		<value>
			<baseCost>2000</baseCost>
		</value>
	</Operation>
</Patch>