<?xml version="1.0" encoding="utf-8" ?>
<Defs>
  <!-- ==================THING============================ -->
  <ThingDef ParentName="BaseGun_LongBarreled">
    <defName>AF_Gonne</defName>
    <label>Gonne, .87 caliber</label>
    <description>Miniature cannon, cast in bronze, mounted on the end of a wooden pole. \nCaliber: .87</description>
    <graphicData>
      <texPath>Things/Weapons/AFGonne</texPath>
      <graphicClass>Graphic_Single</graphicClass>
    </graphicData>
    <soundInteract>Interact_Shotgun</soundInteract>
    <thingCategories>
      <li>BlackPowderGun</li>
    </thingCategories>
    <weaponTags>
      <li>Rifles</li>
    </weaponTags>
    <statBases>
      <MarketValue>200</MarketValue>
      <SightsEfficiency>0.3</SightsEfficiency>
      <ShotSpread>1</ShotSpread>
      <SwayFactor>1</SwayFactor>
      <RangedWeapon_Cooldown>2</RangedWeapon_Cooldown>
      <Bulk>10</Bulk>
      <Mass>3.12</Mass>
      <WorkToMake>6000</WorkToMake>
    </statBases>
    <verbs>
      <li Class="CombatExtended.VerbPropertiesCE">
        <verbClass>CombatExtended.Verb_ShootCE</verbClass>
        <hasStandardCommand>true</hasStandardCommand>
        <defaultProjectile>Bullet_87Gonne_Lead</defaultProjectile>
        <warmupTime>1.2</warmupTime>
        <range>13</range>
        <soundCast>Pistolet</soundCast>
        <soundCastTail>GunTail_Heavy</soundCastTail>
        <muzzleFlashScale>9</muzzleFlashScale>
      </li>
    </verbs>
    <comps>
      <li Class="CombatExtended.CompProperties_FireModes">
        <aiAimMode>Snapshot</aiAimMode>
      </li>
      <li Class="CombatExtended.CompProperties_AmmoUser">
        <magazineSize>1</magazineSize>
        <reloadTime>6</reloadTime>
        <ammoSet>AmmoSet_87Gonne</ammoSet>
      </li>
    </comps>
    <modExtensions>
      <li Class="CombatExtended.GunDrawExtension">
        <DrawSize>1.6,1.6</DrawSize>
      </li>
    </modExtensions>
    <smeltProducts>
      <ComponentMedieval>3</ComponentMedieval>
    </smeltProducts>
    
  </ThingDef>
  <!-- ====================RECIPE========================== -->
  <RecipeDef ParentName="RangedWeaponRecipeBase">
    <defName>BuildAF_Gonne</defName>
    <label>Build Gonne</label>
    <description>Builds a miniature cannon, cast in bronze, mounted on the end of a wooden pole. .\nCaliber: .87 Gonne</description>
    <jobString>Building Gonne.</jobString>
    <workAmount>6000</workAmount>
    <skillRequirements>
      <Crafting>8</Crafting>
    </skillRequirements>
    <ingredients>
      <li>
        <filter>
          <thingDefs>
            <li>ComponentMedieval</li>
          </thingDefs>
        </filter>
        <count>1</count>
      </li>
      <li>
        <filter>
          <categories>
            <li>SLDBar</li>
          </categories>
        </filter>
        <count>16</count>
      </li>
      <li>
        <filter>
          <thingDefs>
            <li>RushlightFuel</li>
            <li>CandleFuel</li>
          </thingDefs>
        </filter>
        <count>10</count>
      </li>
      <li>
        <filter>
          <categories>
            <li>Woody</li>
          </categories>
        </filter>
        <count>20</count>
      </li>
    </ingredients>
    <products>
      <AF_Gonne>1</AF_Gonne>
    </products>
    <fixedIngredientFilter>
      <thingDefs>
        <li>ComponentMedieval</li>
        <li>RushlightFuel</li>
        <li>CandleFuel</li>
      </thingDefs>
      <categories>
        <li>SLDBar</li>
        <li>Woody</li>
      </categories>
    </fixedIngredientFilter>
    <recipeUsers>
      <li>MusketBench</li>
    </recipeUsers>
    <researchPrerequisite>PreMuskets_B1</researchPrerequisite>
    <unfinishedThingDef>UnfinishedGun</unfinishedThingDef>
  </RecipeDef>
</Defs>