﻿<?xml version="1.0" encoding="utf-8"?>
<Patch>
  <Operation Class="PatchOperationAddModExtension">
    <xpath>Defs/ThingDef[defName="AF_MusketBayonet"]</xpath>
    <value>
      <li Class="LifeLessons.BillProficiencyExtension">
        <requirements>
          <li>Smithing</li>
          <li>Labourer</li>
        </requirements>
        <unqualifiedPenalty>
          <qualityCap>Legendary</qualityCap>
        </unqualifiedPenalty>
        <hardRequirement>False</hardRequirement>
      </li>
    </value>
  </Operation>
  <Operation Class="PatchOperationAddModExtension">
    <xpath>Defs/ThingDef[defName="AF_WoodenPistolForegrip"]</xpath>
    <value>
      <li Class="LifeLessons.BillProficiencyExtension">
        <requirements>
          <li>Engineering</li>
          <li>BasicFabrication</li>
        </requirements>
        <unqualifiedPenalty>
          <qualityCap>Poor</qualityCap>
        </unqualifiedPenalty>
        <hardRequirement>False</hardRequirement>
      </li>
    </value>
  </Operation>
  <Operation Class="PatchOperationAddModExtension">
    <xpath>Defs/ThingDef[defName="AF_MusketBasicSight"]</xpath>
    <value>
      <li Class="LifeLessons.BillProficiencyExtension">
        <requirements>
          <li>Engineering</li>
          <li>Smithing</li>
        </requirements>
        <unqualifiedPenalty>
          <qualityCap>Legendary</qualityCap>
        </unqualifiedPenalty>
        <hardRequirement>False</hardRequirement>
      </li>
    </value>
  </Operation>
  <Operation Class="PatchOperationAddModExtension">
    <xpath>Defs/ThingDef[defName="AF_MusketImprovedSight"]</xpath>
    <value>
      <li Class="LifeLessons.BillProficiencyExtension">
        <requirements>
          <li>Smithing</li>
          <li>Engineering</li>
        </requirements>
        <unqualifiedPenalty>
          <qualityCap>Legendary</qualityCap>
        </unqualifiedPenalty>
        <hardRequirement>False</hardRequirement>
      </li>
    </value>
  </Operation>
  <Operation Class="PatchOperationAddModExtension">
    <xpath>Defs/ThingDef[defName="AF_MusketSharpshooterSight"]</xpath>
    <value>
      <li Class="LifeLessons.BillProficiencyExtension">
        <requirements>
          <li>Smithing</li>
          <li>Labourer</li>
          <li>Engineering</li>
        </requirements>
        <hardRequirement>True</hardRequirement>
      </li>
    </value>
  </Operation>
  <Operation Class="PatchOperationAddModExtension">
    <xpath>Defs/ThingDef[defName="AF_LeatherSling"]</xpath>
    <value>
      <li Class="LifeLessons.BillProficiencyExtension">
        <requirements>
          <li>Tailoring</li>
        </requirements>
        <unqualifiedPenalty>
          <qualityCap>Legendary</qualityCap>
        </unqualifiedPenalty>
        <hardRequirement>False</hardRequirement>
      </li>
    </value>
  </Operation>
  <Operation Class="PatchOperationAddModExtension">
    <xpath>Defs/ThingDef[defName="AF_TextileSling"]</xpath>
    <value>
      <li Class="LifeLessons.BillProficiencyExtension">
        <requirements>
          <li>Tailoring</li>
          <li>Engineering</li>
        </requirements>
        <unqualifiedPenalty>
          <qualityCap>Legendary</qualityCap>
        </unqualifiedPenalty>
        <hardRequirement>False</hardRequirement>
      </li>
    </value>
  </Operation>
</Patch>