﻿<?xml version="1.0" encoding="utf-8" ?>
<Defs>

  <ThingCategoryDef>
    <defName>Ammo56Caliber</defName>
    <label>.56 caliber Ball</label>
    <parent>AmmoMusket</parent>
    <iconPath>UI/Icons/ThingCategories/CaliberRifle</iconPath>
  </ThingCategoryDef>

  <!-- ==================== AmmoSet ========================== -->

  <CombatExtended.AmmoSetDef>
    <defName>AmmoSet_56Caliber</defName>
    <label>.56 caliber Ball</label>
    <ammoTypes>
      <Ammo_56Caliber_Lead>Bullet_56Caliber_Lead</Ammo_56Caliber_Lead>
    </ammoTypes>
  </CombatExtended.AmmoSetDef>

  <!-- ==================== Ammo ========================== -->

  <ThingDef Class="CombatExtended.AmmoDef" Name="56CaliberBase" ParentName="SmallAmmoBase" Abstract="True">
    <description>Round bullet with powder, wrapped in paper.</description>
    <statBases>
      <Mass>0.018</Mass>
      <Bulk>0.03</Bulk>
    </statBases>
    <tradeTags>
      <li>CE_AutoEnableTrade</li>
      <li>CE_AutoEnableCrafting</li>
    </tradeTags>
    <thingCategories>
      <li>Ammo56Caliber</li>
    </thingCategories>
    <comps>
      <li Class="CompProperties_Explosive">
        <explosiveRadius>0.45</explosiveRadius>
        <explosiveDamageType>Flame</explosiveDamageType>
        <explosiveExpandPerStackcount>0.01</explosiveExpandPerStackcount>
        <startWickHitPointsPercent>0.563</startWickHitPointsPercent>
        <wickTicks>
          <min>5</min>
          <max>10</max>
        </wickTicks>
      </li>
    </comps>
  </ThingDef>

  <ThingDef Class="CombatExtended.AmmoDef" ParentName="56CaliberBase">
    <defName>Ammo_56Caliber_Lead</defName>
    <label>.56 caliber Ball</label>
    <graphicData>
      <texPath>Things/Ammo/Medieval/Blunderbuss/Paper</texPath>
      <graphicClass>Graphic_StackCount</graphicClass>
    </graphicData>
    <statBases>
      <MarketValue>0.2</MarketValue>
    </statBases>
    <ammoClass>LeadBall</ammoClass>
    <cookOffProjectile>Bullet_56Caliber_Lead</cookOffProjectile>
  </ThingDef>

  <!-- ================== Projectiles ================== -->

  <ThingDef Class="CombatExtended.AmmoDef" Name="Base56CaliberBullet" ParentName="AF_BaseBlackPowderBullet" Abstract="true">
    <graphicData>
      <texPath>Things/Projectile/Bullet_Small</texPath>
      <graphicClass>Graphic_Single</graphicClass>
    </graphicData>
    <projectile Class="CombatExtended.ProjectilePropertiesCE">
      <damageDef>Bullet</damageDef>
      <speed>85</speed>
      <dropsCasings>False</dropsCasings>
    </projectile>
  </ThingDef>

  <ThingDef Class="CombatExtended.AmmoDef" ParentName="Base56CaliberBullet">
    <defName>Bullet_56Caliber_Lead</defName>
    <label>.56 caliber Ball (Lead)</label>
    <projectile Class="CombatExtended.ProjectilePropertiesCE">
      <damageAmountBase>15</damageAmountBase>
      <armorPenetrationSharp>5.4</armorPenetrationSharp>
      <armorPenetrationBlunt>35</armorPenetrationBlunt>
    </projectile>
  </ThingDef>

  <!-- ==================== Recipes ========================== -->

  <!-- BALL FORGE-->
  <RecipeDef ParentName="AmmoRecipeBlackPowderBase">
    <defName>MakeAmmo_56Caliber_Lead</defName>
    <label>make .56 caliber Ball x25</label>
    <description>Craft 25 .56 caliber Ball rounds, and measure out powder charge.</description>
    <jobString>Making .56 caliber Ball rounds.</jobString>
    <workAmount>450</workAmount>
    <ingredients>
      <li>
        <filter>
          <thingDefs>
            <li>LeadBar</li>
          </thingDefs>
        </filter>
        <count>5</count>
      </li>
      <li>
        <filter>
          <thingDefs>
            <li>Powder</li>
            <li>SerpentinePowder</li>
          </thingDefs>
        </filter>
        <count>1</count>
      </li>
    </ingredients>
    <fixedIngredientFilter>
      <categories>
        <li>HeavyBar</li>
      </categories>
      <thingDefs>
        <li>Powder</li>
        <li>SerpentinePowder</li>
      </thingDefs>
    </fixedIngredientFilter>
    <products>
      <Ammo_56Caliber_Lead>25</Ammo_56Caliber_Lead>
    </products>
    <skillRequirements>
      <Crafting>1</Crafting>
    </skillRequirements>
    <workSkill>Crafting</workSkill>
    <workSkillLearnFactor>0.8</workSkillLearnFactor>
    <researchPrerequisite>Muskets_B1</researchPrerequisite>
    <recipeUsers>
      <li>AF_HandloadingAmmoBench</li>
    </recipeUsers>
  </RecipeDef>

</Defs>
