<?xml version="1.0" encoding="utf-8" ?>
<Defs>
  <!-- ==================THING============================ -->
  <ThingDef ParentName="BaseGun_LongBarreled">
    <defName>AF_WinchesterM1873r</defName>
    <label>Winchester M1873, .44-40</label>
    <description>Winchester M1873. \nCaliber: .44-40</description>
    <graphicData>
      <texPath>Things/Weapons/AF_WinchesterM1873</texPath>
      <graphicClass>Graphic_Single</graphicClass>
    </graphicData>
    <soundInteract>Interact_Shotgun</soundInteract>
    <thingCategories>
      <li>BlackPowderGun</li>
    </thingCategories>
    <weaponTags>
      <li>Rifles</li>
    </weaponTags>
    <statBases>
      <MarketValue>500</MarketValue>
      <SightsEfficiency>0.75</SightsEfficiency>
      <ShotSpread>0.63</ShotSpread>
      <SwayFactor>1.07</SwayFactor>
      <RangedWeapon_Cooldown>0.9</RangedWeapon_Cooldown>
      <Bulk>6.9</Bulk>
      <Mass>4.45</Mass>
      <WorkToMake>8000</WorkToMake>
    </statBases>
    <verbs>
      <li Class="CombatExtended.VerbPropertiesCE">
        <verbClass>CombatExtended.Verb_ShootCE</verbClass>
        <hasStandardCommand>true</hasStandardCommand>
        <defaultProjectile>Bullet_44-40Winchester_FMJ</defaultProjectile>
        <warmupTime>1.2</warmupTime>
        <range>45</range>
        <recoilAmount>1.14</recoilAmount>
        <soundCast>Winchester</soundCast>
        <soundCastTail>GunTail_Heavy</soundCastTail>
        <muzzleFlashScale>9</muzzleFlashScale>
      </li>
    </verbs>
    <comps>
      <li Class="CombatExtended.CompProperties_FireModes">
        <aiAimMode>AimedShot</aiAimMode>
      </li>
      <li Class="CombatExtended.CompProperties_AmmoUser">
        <magazineSize>16</magazineSize>
        <reloadOneAtATime>true</reloadOneAtATime>
        <reloadTime>2</reloadTime>
        <ammoSet>AmmoSet_44-40Winchester</ammoSet>
      </li>
    </comps>
    <modExtensions>
      <li Class="CombatExtended.GunDrawExtension">
        <DrawSize>1.4,1.4</DrawSize>
      </li>
    </modExtensions>
    <smeltProducts>
      <ComponentIndustrial>6</ComponentIndustrial>
  </smeltProducts>
    
  </ThingDef>
  <!-- ====================RECIPE========================== -->
  <RecipeDef ParentName="RangedWeaponRecipeBase">
    <defName>BuildAF_WinchesterM1873r</defName>
    <label>Build Winchester M1873</label>
    <description>Winchester M1873. .\nCaliber: .44-40</description>
    <jobString>Building Winchester M1873.</jobString>
    <workAmount>10000</workAmount>
    <skillRequirements>
      <Crafting>5</Crafting>
    </skillRequirements>
    <ingredients>
      <li>
        <filter>
          <thingDefs>
            <li>AF_Resource_SimpleFirearmPart</li>
          </thingDefs>
        </filter>
        <count>2</count>
      </li>
      <li>
        <filter>
          <categories>
            <li>SLDBar</li>
          </categories>
        </filter>
        <count>50</count>
      </li>
      <li>
        <filter>
          <categories>
            <li>Woody</li>
          </categories>
        </filter>
        <count>10</count>
      </li>
    </ingredients>
    <products>
      <AF_WinchesterM1873r>1</AF_WinchesterM1873r>
    </products>
    <fixedIngredientFilter>
      <thingDefs>
        <li>AF_Resource_SimpleFirearmPart</li>
      </thingDefs>
      <categories>
        <li>SLDBar</li>
        <li>Woody</li>
      </categories>
    </fixedIngredientFilter>
    <recipeUsers>
      <li>MusketBench</li>
    </recipeUsers>
    <researchPrerequisite>AF_Research_AdvancedRepeaters</researchPrerequisite>
    <unfinishedThingDef>UnfinishedGun</unfinishedThingDef>
  </RecipeDef>
</Defs>