﻿<?xml version="1.0" encoding="UTF-8"?>
<Defs>
  <ThingDef ParentName="BaseGun_Turret">
    <defName>Gun_AF_WallGun</defName>
    <label>Wall Gun</label>
    <graphicData>
      <texPath>Things/Weapons/AF_WheelLockMusket_Top</texPath>
      <graphicClass>Graphic_Single</graphicClass>
    </graphicData>
    <description>A smoothbore weapon even heavier than a musket, placed on a tripod mount atop a city wall for use in defensive fire.</description>
    <soundInteract>CannonInteract</soundInteract>
    <techLevel>Medieval</techLevel>
    <statBases>
      <MarketValue>425</MarketValue>
      <SightsEfficiency>0.8</SightsEfficiency>
      <ShotSpread>0.45</ShotSpread>
      <SwayFactor>1</SwayFactor>
      <RangedWeapon_Cooldown>0.85</RangedWeapon_Cooldown>
    </statBases>
    <verbs>
      <li Class="CombatExtended.VerbPropertiesCE">
        <verbClass>CombatExtended.Verb_ShootCE</verbClass>
        <hasStandardCommand>true</hasStandardCommand>
        <defaultProjectile>Bullet_106Caliber_Lead</defaultProjectile>
        <circularError>1.2</circularError>
        <warmupTime>1.3</warmupTime>
        <minRange>2</minRange>
        <range>30</range>
        <recoilAmount>0.71</recoilAmount>
        <burstShotCount>1</burstShotCount>
        <soundCast>SwivelGun</soundCast>
        <targetParams>
          <canTargetLocations>true</canTargetLocations>
        </targetParams>
        <soundCastTail>GunTail_Heavy</soundCastTail>
        <muzzleFlashScale>18</muzzleFlashScale>
        <indirectFirePenalty>0.2</indirectFirePenalty>
      </li>
    </verbs>
    <comps>
      <li Class="CombatExtended.CompProperties_AmmoUser">
        <magazineSize>1</magazineSize>
        <reloadTime>3</reloadTime>
        <ammoSet>AmmoSet_106Caliber</ammoSet>
      </li>
      <li Class="CombatExtended.CompProperties_FireModes" />
    </comps>
    <modExtensions>
      <li Class="CombatExtended.GunDrawExtension">
        <DrawSize>2,2</DrawSize>
      </li>
    </modExtensions>
  </ThingDef>
</Defs>