﻿<?xml version="1.0" encoding="utf-8" ?>
<Defs>
  <ThingDef ParentName="BaseGun_ShortBarreled">
    <defName>AF_QueenAnnePistol</defName>
    <label>Queen Anne Pistol</label>
    <description>The 8” barrel is “brass” (meaning cast bronze), and screws into the combined lock and grip. To reload, the barrel must be unscrewed, but this allows use of bullets with minimal windage, improving accuracy. \nCaliber: .50</description>
    <graphicData>
      <texPath>Things/Weapons/AFQueenAnnePistol</texPath>
      <graphicClass>Graphic_Single</graphicClass>
    </graphicData>
    <soundInteract>BPInteract</soundInteract>
    <statBases>
      <MarketValue>135</MarketValue>
      <SightsEfficiency>0.65</SightsEfficiency>
      <ShotSpread>0.6</ShotSpread>
      <SwayFactor>0.41</SwayFactor>
      <RangedWeapon_Cooldown>0.89</RangedWeapon_Cooldown>
      <Bulk>3</Bulk>
      <Mass>1.08</Mass>
      <WorkToMake>6500</WorkToMake>
      <MaxHitPoints>75</MaxHitPoints>
      <SellPriceFactor>0.6</SellPriceFactor>
    </statBases>
    <weaponTags>
      <li>BlackPowderGun</li>
    </weaponTags>
    <thingCategories>
      <li>Pistols</li>
    </thingCategories>
    <verbs>
      <li Class="CombatExtended.VerbPropertiesCE">
        <verbClass>CombatExtended.Verb_ShootCE</verbClass>
        <hasStandardCommand>true</hasStandardCommand>
        <defaultProjectile>Bullet_50Caliber_Lead</defaultProjectile>
        <warmupTime>1</warmupTime>
        <range>14</range>
        <recoilAmount>4.11</recoilAmount>
        <soundCast>Pistolet</soundCast>
        <soundCastTail>GunTail_Heavy</soundCastTail>
        <muzzleFlashScale>12</muzzleFlashScale>
      </li>
    </verbs>
    <comps>
      <li Class="CombatExtended.CompProperties_FireModes">
        <aiAimMode>Snapshot</aiAimMode>
      </li>
      <li Class="CombatExtended.CompProperties_AmmoUser">
        <magazineSize>1</magazineSize>
        <reloadTime>4</reloadTime>
        <ammoSet>AmmoSet_50Caliber</ammoSet>
      </li>
    </comps>
    <smeltProducts Inherit="false">
      <ComponentMedieval>3</ComponentMedieval>
    </smeltProducts>
    
  </ThingDef>
  <!-- RECIPE -->
  <RecipeDef ParentName="RangedWeaponRecipeBase">
    <defName>BuildGun_AFQueenAnnePistol</defName>
    <label>Build Queen Anne Pistol</label>
    <description>Queen Anne Pistol.</description>
    <jobString>Building Queen Anne pistol.</jobString>
    <workAmount>3500</workAmount>
    <skillRequirements>
      <Crafting>8</Crafting>
    </skillRequirements>
    <ingredients>
      <li>
        <filter>
          <thingDefs>
            <li>AF_MusketWeaponPart</li>
          </thingDefs>
        </filter>
        <count>2</count>
      </li>
      <li>
        <filter>
          <thingDefs>
            <li>SmallFlintBlocks</li>
          </thingDefs>
        </filter>
        <count>2</count>
      </li>
      <li>
        <filter>
          <categories>
            <li>SLDBar</li>
          </categories>
        </filter>
        <count>25</count>
      </li>
      <li>
        <filter>
          <categories>
            <li>Woody</li>
          </categories>
        </filter>
        <count>5</count>
      </li>
    </ingredients>
    <products>
      <AF_QueenAnnePistol>1</AF_QueenAnnePistol>
    </products>
    <fixedIngredientFilter>
      <thingDefs>
        <li>AF_MusketWeaponPart</li>
        <li>SmallFlintBlocks</li>
      </thingDefs>
      <categories>
        <li>SLDBar</li>
        <li>Woody</li>
      </categories>
    </fixedIngredientFilter>
    <recipeUsers>
      <li>MusketBench</li>
    </recipeUsers>
    <researchPrerequisite>Muskets_B1</researchPrerequisite>
    <unfinishedThingDef>UnfinishedGun</unfinishedThingDef>
    <!-- Smithing -->
  </RecipeDef>
</Defs>
