﻿<?xml version="1.0" encoding="utf-8"?>
<Patch>
  <Operation Class="PatchOperationAddModExtension">
    <xpath>Defs/ResearchProjectDef[defName="AMR_C1"]</xpath>
    <value>
      <li Class="LifeLessons.ResearchProficiencyExtension">
        <requirements>
          <li>Physics</li>
          <li>MaterialsChemistry</li>
        </requirements>
        <hardRequirement>True</hardRequirement>
      </li>
    </value>
  </Operation>
  <Operation Class="PatchOperationAddModExtension">
    <xpath>Defs/ResearchProjectDef[defName="Heavy_D1"]</xpath>
    <value>
      <li Class="LifeLessons.ResearchProficiencyExtension">
        <requirements>
          <li>MaterialsChemistry</li>
          <li>Physics</li>
        </requirements>
        <hardRequirement>True</hardRequirement>
      </li>
    </value>
  </Operation>
</Patch>