<?xml version="1.0" encoding="utf-8" ?>
<Defs>
  <!-- ==================THING============================ -->
  <ThingDef ParentName="BaseGun_LongBarreled">
    <defName>AF_VolcanicRepeatingRifle</defName>
    <label>Volcanic Repeating Rifle, .38 Volcanic</label>
    <description>Volcanic Repeating Rifle. \nCaliber: .38 Volcanic</description>
    <graphicData>
      <texPath>Things/Weapons/AF_VolcanicRepeatingRifle</texPath>
      <graphicClass>Graphic_Single</graphicClass>
    </graphicData>
    <soundInteract>Interact_Shotgun</soundInteract>
    <thingCategories>
      <li>BlackPowderGun</li>
    </thingCategories>
    <weaponTags>
      <li>Rifles</li>
    </weaponTags>
    <statBases>
      <MarketValue>245</MarketValue>
      <SightsEfficiency>0.7</SightsEfficiency>
      <ShotSpread>0.27</ShotSpread>
      <SwayFactor>1.47</SwayFactor>
      <RangedWeapon_Cooldown>0.85</RangedWeapon_Cooldown>
      <Bulk>10.2</Bulk>
      <Mass>4.5</Mass>
      <WorkToMake>8000</WorkToMake>
    </statBases>
    <verbs>
      <li Class="CombatExtended.VerbPropertiesCE">
        <verbClass>CombatExtended.Verb_ShootCE</verbClass>
        <hasStandardCommand>true</hasStandardCommand>
        <defaultProjectile>Bullet_38Volcanic_Lead</defaultProjectile>
        <warmupTime>0.9</warmupTime>
        <range>16</range>
        <recoilAmount>0.85</recoilAmount>
        <soundCast>Springfield</soundCast>
        <soundCastTail>GunTail_Heavy</soundCastTail>
        <muzzleFlashScale>9</muzzleFlashScale>
      </li>
    </verbs>
    <comps>
      <li Class="CombatExtended.CompProperties_FireModes">
        <aiAimMode>AimedShot</aiAimMode>
      </li>
      <li Class="CombatExtended.CompProperties_AmmoUser">
        <magazineSize>25</magazineSize>
        <reloadTime>2</reloadTime>
        <reloadOneAtATime>true</reloadOneAtATime>
        <ammoSet>AmmoSet_38Volcanic</ammoSet>
      </li>
    </comps>
    <modExtensions>
      <li Class="CombatExtended.GunDrawExtension">
        <DrawSize>1.4,1.4</DrawSize>
      </li>
    </modExtensions>
    <smeltProducts>
      <ComponentMedieval>3</ComponentMedieval>
    </smeltProducts>
    
  </ThingDef>
  <!-- ====================RECIPE========================== -->
  <RecipeDef ParentName="RangedWeaponRecipeBase">
    <defName>BuildAF_VolcanicRepeatingRifle</defName>
    <label>Build Volcanic Repeating Rifle</label>
    <description>Volcanic Repeating Rifle. .\n .38 Volcanic</description>
    <jobString>Building Volcanic Repeating Rifle.</jobString>
    <workAmount>10000</workAmount>
    <skillRequirements>
      <Crafting>12</Crafting>
    </skillRequirements>
    <ingredients>
      <li>
        <filter>
          <thingDefs>
           <li>AF_Resource_SimpleFirearmPart</li>
          </thingDefs>
        </filter>
        <count>4</count>
      </li>
      <li>
        <filter>
          <categories>
            <li>SLDBar</li>
          </categories>
        </filter>
        <count>55</count>
      </li>
      <li>
        <filter>
          <categories>
            <li>Woody</li>
          </categories>
        </filter>
        <count>10</count>
      </li>
    </ingredients>
    <products>
      <AF_VolcanicRepeatingRifle>1</AF_VolcanicRepeatingRifle>
    </products>
    <fixedIngredientFilter>
      <thingDefs>
        <li>ComponentMedieval</li>
      </thingDefs>
      <categories>
        <li>SLDBar</li>
        <li>Woody</li>
      </categories>
    </fixedIngredientFilter>
    <recipeUsers>
      <li>MusketBench</li>
    </recipeUsers>
    <researchPrerequisite>AF_Research_RepeatingMechanisms</researchPrerequisite>
    <unfinishedThingDef>UnfinishedGun</unfinishedThingDef>
  </RecipeDef>
</Defs>