<?xml version="1.0" encoding="utf-8" ?>
<Defs>
  <!-- ==================THING============================ -->
  <ThingDef ParentName="BaseGun_LongBarreled">
    <defName>AF_JagerRifle</defName>
    <label>Jäger Rifle, .54 caliber</label>
    <description>The hunting rifled barrel is short but the construction is substantial. \nCaliber: .65</description>
    <graphicData>
      <texPath>Things/Weapons/AFJagerRifle</texPath>
      <graphicClass>Graphic_Single</graphicClass>
    </graphicData>
    <soundInteract>Interact_Shotgun</soundInteract>
    <thingCategories>
      <li>BlackPowderGun</li>
    </thingCategories>
    <weaponTags>
      <li>Rifles</li>
    </weaponTags>
    <statBases>
      <MarketValue>300</MarketValue>
      <SightsEfficiency>0.75</SightsEfficiency>
      <ShotSpread>0.01</ShotSpread>
      <SwayFactor>1.6</SwayFactor>
      <RangedWeapon_Cooldown>0.86</RangedWeapon_Cooldown>
      <Bulk>11</Bulk>
      <Mass>4.98</Mass>
      <WorkToMake>8000</WorkToMake>
    </statBases>
    <verbs>
      <li Class="CombatExtended.VerbPropertiesCE">
        <verbClass>CombatExtended.Verb_ShootCE</verbClass>
        <hasStandardCommand>true</hasStandardCommand>
        <defaultProjectile>Bullet_65Caliber_Lead</defaultProjectile>
        <warmupTime>0.9</warmupTime>
        <range>15</range>
        <recoilAmount>1.27</recoilAmount>
        <soundCast>Springfield</soundCast>
        <soundCastTail>GunTail_Heavy</soundCastTail>
        <muzzleFlashScale>9</muzzleFlashScale>
      </li>
    </verbs>
    <comps>
      <li Class="CombatExtended.CompProperties_FireModes">
        <aiAimMode>AimedShot</aiAimMode>
      </li>
      <li Class="CombatExtended.CompProperties_AmmoUser">
        <magazineSize>1</magazineSize>
        <reloadTime>6</reloadTime>
        <ammoSet>AmmoSet_65Caliber</ammoSet>
      </li>
    </comps>
    <modExtensions>
      <li Class="CombatExtended.GunDrawExtension">
        <DrawSize>1.4,1.4</DrawSize>
      </li>
    </modExtensions>
    <smeltProducts>
      <ComponentMedieval>3</ComponentMedieval>
    </smeltProducts>
    
  </ThingDef>
  <!-- ====================RECIPE========================== -->
  <RecipeDef ParentName="RangedWeaponRecipeBase">
    <defName>BuildAF_JagerRifle</defName>
    <label>Build Jäger Rifle</label>
    <description>Jäger Rifle. .\nCaliber: .65</description>
    <jobString>Building Jäger Rifle.</jobString>
    <workAmount>8000</workAmount>
    <skillRequirements>
      <Crafting>5</Crafting>
    </skillRequirements>
    <ingredients>
      <li>
        <filter>
          <thingDefs>
            <li>AF_MusketWeaponPart</li>
          </thingDefs>
        </filter>
        <count>2</count>
      </li>
      <li>
        <filter>
          <thingDefs>
            <li>MagnetiteCrystal</li>
            <li>CassiteriteCrystal</li>
          </thingDefs>
        </filter>
        <count>1</count>
      </li>
      <li>
        <filter>
          <categories>
            <li>SLDBar</li>
          </categories>
        </filter>
        <count>60</count>
      </li>
      <li>
        <filter>
          <categories>
            <li>Woody</li>
          </categories>
        </filter>
        <count>15</count>
      </li>
    </ingredients>
    <products>
      <AF_JagerRifle>1</AF_JagerRifle>
    </products>
    <fixedIngredientFilter>
      <thingDefs>
        <li>AF_MusketWeaponPart</li>
        <li>MagnetiteCrystal</li>
        <li>CassiteriteCrystal</li>
      </thingDefs>
      <categories>
        <li>SLDBar</li>
        <li>Woody</li>
      </categories>
    </fixedIngredientFilter>
    <recipeUsers>
      <li>MusketBench</li>
    </recipeUsers>
    <researchPrerequisite>AF_Wheellock_Rifles</researchPrerequisite>
    <unfinishedThingDef>UnfinishedGun</unfinishedThingDef>
  </RecipeDef>
</Defs>