﻿<?xml version="1.0" encoding="utf-8" ?>
<Defs>
  <ThingDef ParentName="GunPartBase">
    <defName>AF_WoodenPistolForegrip</defName>
    <label>Wooden Foregrip</label>
    <comps>
      <li Class="RW_ModularizationWeapon.CompProperties_ModularizationWeapon">
        <PartTexPath>Things/WeaponPart/Foregrips/AF_WoodenPistolForegrip</PartTexPath>
        <statOffset>
          <Bulk>0.5</Bulk>
        </statOffset>
        <statMultiplier>
          <SwayFactor>0.95</SwayFactor>
        </statMultiplier>
      </li>
    </comps>
    <stuffCategories>
      <li>Woody</li>
    </stuffCategories>
    <costStuffCount>5</costStuffCount>
    <recipeMaker>
      <recipeUsers>
        <li>MusketBench</li>
      </recipeUsers>
      <researchPrerequisite>AF_Research_MusketAttachments</researchPrerequisite>
      <skillRequirements>
        <Crafting>2</Crafting>
      </skillRequirements>
    </recipeMaker>
  </ThingDef>
</Defs>