﻿<?xml version="1.0" encoding="utf-8" ?>
<Defs>
  <ThingDef ParentName="ItemCrateBase">
    <defName>AF_PuckleGun_Crate</defName>
    <label>Puckle Gun crate</label>
    <description>Use this to build a Puckle Gun.</description>
    <graphicData>
      <texPath>Things/Item/Resource/WeaponCrate</texPath>
      <graphicClass>Graphic_Single</graphicClass>
    </graphicData>
    <soundInteract>Standard_Drop</soundInteract>
    <soundDrop>Standard_Drop</soundDrop>
    <tickerType>Normal</tickerType>
    <stackLimit>1</stackLimit>
    <techLevel>Medieval</techLevel>
    <statBases>
      <MarketValue>100</MarketValue>
      <MaxHitPoints>100</MaxHitPoints>
      <Flammability>1</Flammability>
      <DeteriorationRate>0</DeteriorationRate>
      <Mass>12.5</Mass>
      <Bulk>10</Bulk>
    </statBases>
    <thingCategories>
      <li>WeaponCrate</li>
    </thingCategories>
    <tradeTags>
      <li>RareCrate</li>
    </tradeTags>
  </ThingDef>


  <RecipeDef ParentName="Medeival_cratecraftbase">
    <defName>Build_AF_PuckleGun_Crate</defName>
    <label>Build Puckle Gun</label>
    <description>Use this to build a Puckle Gun.</description>
    <jobString>Building a Puckle Gun crate.</jobString>
    <workAmount>10500</workAmount>
    <skillRequirements>
      <Crafting>12</Crafting>
    </skillRequirements>
    <ingredients>
      <li>
        <filter>
          <categories>
            <li>Wooden</li>
          </categories>
        </filter>
        <count>40</count>
      </li>
      <li>
        <filter>
          <categories>
            <li>SLDBar</li>
            <li>USLDBar</li>
          </categories>
        </filter>
        <count>170</count>
      </li>
      <li>
        <filter>
          <thingDefs>
            <li>SmallFlintBlocks</li>
          </thingDefs>
        </filter>
        <count>18</count>
      </li>
      <li>
        <filter>
          <thingDefs>
            <li>AF_MusketWeaponPart</li>
          </thingDefs>
        </filter>
        <count>18</count>
      </li>
    </ingredients>
    <products>
      <AF_PuckleGun_Crate>1</AF_PuckleGun_Crate>
    </products>
    <fixedIngredientFilter>
      <thingDefs>
        <li>SmallFlintBlocks</li>
      </thingDefs>
      <categories>
        <li>Wooden</li>
        <li>SLDBar</li>
        <li>USLDBar</li>
      </categories>
    </fixedIngredientFilter>
    <workSkill>Crafting</workSkill>
    <recipeUsers>
      <li>MusketBench</li>
    </recipeUsers>
    <unfinishedThingDef>UnfinishedTurretMedieval</unfinishedThingDef>
    <researchPrerequisite>AF_Research_AdvancedFlintlocks</researchPrerequisite>
  </RecipeDef>
</Defs>