﻿<?xml version="1.0" encoding="utf-8" ?>
<Defs>
  <ThingDef ParentName="GunPartBase">
    <defName>AF_LeatherSling</defName>
    <label>Leather Sling</label>
    <comps>
      <li Class="RW_ModularizationWeapon.CompProperties_ModularizationWeapon">
        <PartTexPath>Things/WeaponPart/Slings/AF_LeatherSling</PartTexPath>
        <statMultiplier>
          <Bulk>0.5</Bulk>
          <Mass>1.05</Mass>
        </statMultiplier>
        <verbPropertiesMultiplier  Default="1">
          <li Reader-Class="CombatExtended.VerbPropertiesCE">
            <recoilAmount>0.95</recoilAmount>
          </li>
        </verbPropertiesMultiplier >
      </li>
    </comps>
    <stuffCategories>
      <li>Leathery</li>
    </stuffCategories>
    <costStuffCount>10</costStuffCount>
    <recipeMaker>
      <recipeUsers>
        <li>MusketBench</li>
      </recipeUsers>
      <researchPrerequisite>AF_MusketAttachments</researchPrerequisite>
      <skillRequirements>
        <Crafting>2</Crafting>
      </skillRequirements>
    </recipeMaker>
  </ThingDef>
  <ThingDef ParentName="GunPartBase">
    <defName>AF_TextileSling</defName>
    <label>Textile Sling</label>
    <comps>
      <li Class="RW_ModularizationWeapon.CompProperties_ModularizationWeapon">
        <PartTexPath>Things/WeaponPart/Slings/AF_LeatherSling</PartTexPath>
        <statMultiplier>
          <Bulk>0.5</Bulk>
          <Mass>1.05</Mass>
        </statMultiplier>
        <verbPropertiesMultiplier  Default="1">
          <li Reader-Class="CombatExtended.VerbPropertiesCE">
            <recoilAmount>0.95</recoilAmount>
          </li>
        </verbPropertiesMultiplier >
      </li>
    </comps>
    <stuffCategories>
      <li>Fabric</li>
    </stuffCategories>
    <costStuffCount>10</costStuffCount>
    <recipeMaker>
      <recipeUsers>
        <li>MusketBench</li>
      </recipeUsers>
      <researchPrerequisite>AF_MusketAttachments</researchPrerequisite>
      <skillRequirements>
        <Crafting>2</Crafting>
      </skillRequirements>
    </recipeMaker>
  </ThingDef>
</Defs>