﻿<?xml version="1.0" encoding="utf-8" ?>
<Defs>
  <ThingDef ParentName="SK_ResourceBase">
    <defName>AF_PercussionCap</defName>
    <label>Percussion Cap</label>
    <description>Percussion Cap</description>
    <graphicData>
      <texPath>Things/Resource/AF_PercussionCap</texPath>
      <graphicClass>Graphic_Single</graphicClass>
    </graphicData>
    <soundInteract>Standard_Drop</soundInteract>
    <soundDrop>Standard_Drop</soundDrop>
    <tickerType>Normal</tickerType>
    <stackLimit>150</stackLimit>
    <techLevel>Industrial</techLevel>
    <statBases>
      <MarketValue>6</MarketValue>
      <DeteriorationRate>0</DeteriorationRate>
      <Flammability>0.2</Flammability>
      <SellPriceFactor>0.50</SellPriceFactor>
      <Mass>0.02</Mass>
      <Bulk>0.02</Bulk>
    </statBases>
    <useHitPoints>true</useHitPoints>
    <thingCategories>
      <li>Parts</li>
    </thingCategories>
  </ThingDef>
  <RecipeDef>
    <defName>Make_AF_PercussionCap</defName>
    <label>Make Percussion Caps (x50)</label>
    <description>Percussion Cap. Produces 50.</description>
    <jobString>Making Percussion Caps.</jobString>
    <workSpeedStat>SmithingSpeed</workSpeedStat>
    <effectWorking>Smith</effectWorking>
    <soundWorking>Recipe_Machining</soundWorking>
    <allowMixingIngredients>true</allowMixingIngredients>
    <workAmount>1200</workAmount>
    <ingredients>
      <li>
        <filter>
          <thingDefs>
            <li>AF_MercuryFulminate</li>
          </thingDefs>
        </filter>
        <count>5</count>
      </li>
      <li>
        <filter>
          <categories>
            <li>SLDBar</li>
          </categories>
        </filter>
        <count>5</count>
      </li>
    </ingredients>
    <fixedIngredientFilter>
      <thingDefs>
        <li>AF_MercuryFulminate</li>
      </thingDefs>
      <categories>
        <li>SLDBar</li>
      </categories>
    </fixedIngredientFilter>
    <products>
      <AF_PercussionCap>50</AF_PercussionCap>
    </products>
    <skillRequirements>
      <Crafting>4</Crafting>
    </skillRequirements>
    <workSkill>Crafting</workSkill>
    <workSkillLearnFactor>0.8</workSkillLearnFactor>
    <researchPrerequisite>AF_Caplock</researchPrerequisite>
    <recipeUsers>
      <li>FabricationBench</li>
    </recipeUsers>
    <unfinishedThingDef>UnfinishedGun</unfinishedThingDef>
  </RecipeDef>
</Defs>
