﻿<?xml version="1.0" encoding="utf-8"?>
<Defs>

	<ThingCategoryDef>
		<defName>Ammo44-40Winchester</defName>
		<label>.44-40 Winchester</label>
		<parent>AmmoRifles</parent>
		<iconPath>UI/Icons/ThingCategories/CaliberRifle</iconPath>
	</ThingCategoryDef>

	<!-- ==================== AmmoSet ========================== -->

	<CombatExtended.AmmoSetDef>
		<defName>AmmoSet_44-40Winchester</defName>
		<label>.44-40 Winchester</label>
		<ammoTypes>
			<Ammo_44-40Winchester_FMJ>Bullet_44-40Winchester_FMJ</Ammo_44-40Winchester_FMJ>
			<!--<Ammo_44-40Winchester_AP>Bullet_44-40Winchester_AP</Ammo_44-40Winchester_AP>
			<Ammo_44-40Winchester_HP>Bullet_44-40Winchester_HP</Ammo_44-40Winchester_HP>
			<Ammo_44-40Winchester_Incendiary>Bullet_44-40Winchester_Incendiary</Ammo_44-40Winchester_Incendiary>
			<Ammo_44-40Winchester_HE>Bullet_44-40Winchester_HE</Ammo_44-40Winchester_HE>
			<Ammo_44-40Winchester_Sabot>Bullet_44-40Winchester_Sabot</Ammo_44-40Winchester_Sabot>-->
		</ammoTypes>
		<!--<similarTo>AmmoSet_RifleIntermediate</similarTo>-->
	</CombatExtended.AmmoSetDef>

	<!-- ==================== Ammo ========================== -->

	<ThingDef Class="CombatExtended.AmmoDef" Name="44-40WinchesterBase" ParentName="SmallAmmoBase" Abstract="True">
		<description>Ancient mid-late 19th century bullet traditionally loaded with 40 grains of blackpowder, typically used in repeating arms.</description>
		<statBases>
			<Mass>0.024</Mass>
			<Bulk>0.02</Bulk>
		</statBases>
		<tradeTags>
			<li>CE_AutoEnableTrade</li>
			<li>CE_AutoEnableCrafting</li>
		</tradeTags>
		<thingCategories>
			<li>Ammo44-40Winchester</li>
		</thingCategories>
	</ThingDef>

	<ThingDef Class="CombatExtended.AmmoDef" ParentName="44-40WinchesterBase">
		<defName>Ammo_44-40Winchester_FMJ</defName>
		<label>.44-40 Winchester (FMJ)</label>
		<graphicData>
			<texPath>Things/Ammo/Rifle/Clip/FMJ</texPath>
			<graphicClass>Graphic_StackCount</graphicClass>
		</graphicData>
		<statBases>
			<MarketValue>0.11</MarketValue>
		</statBases>
		<ammoClass>FullMetalJacket</ammoClass>
		<cookOffProjectile>Bullet_44-40Winchester_FMJ</cookOffProjectile>
	</ThingDef>

  <!--<ThingDef Class="CombatExtended.AmmoDef" ParentName="44-40WinchesterBase">
		<defName>Ammo_44-40Winchester_AP</defName>
		<label>.44-40 Winchester (AP)</label>
		<graphicData>
			<texPath>Things/Ammo/Rifle/Clip/AP</texPath>
			<graphicClass>Graphic_StackCount</graphicClass>
		</graphicData>
		<statBases>
			<MarketValue>0.11</MarketValue>
		</statBases>
		<ammoClass>ArmorPiercing</ammoClass>
		<cookOffProjectile>Bullet_44-40Winchester_AP</cookOffProjectile>
	</ThingDef>

	<ThingDef Class="CombatExtended.AmmoDef" ParentName="44-40WinchesterBase">
		<defName>Ammo_44-40Winchester_HP</defName>
		<label>.44-40 Winchester (HP)</label>
		<graphicData>
			<texPath>Things/Ammo/Rifle/Clip/HP</texPath>
			<graphicClass>Graphic_StackCount</graphicClass>
		</graphicData>
		<statBases>
			<MarketValue>0.11</MarketValue>
		</statBases>
		<ammoClass>HollowPoint</ammoClass>
		<cookOffProjectile>Bullet_44-40Winchester_HP</cookOffProjectile>
	</ThingDef>

	<ThingDef Class="CombatExtended.AmmoDef" ParentName="44-40WinchesterBase">
		<defName>Ammo_44-40Winchester_Incendiary</defName>
		<label>.44-40 Winchester (AP-I)</label>
		<graphicData>
			<texPath>Things/Ammo/Rifle/Clip/Incendiary</texPath>
			<graphicClass>Graphic_StackCount</graphicClass>
		</graphicData>
		<statBases>
			<MarketValue>0.16</MarketValue>
		</statBases>
		<ammoClass>IncendiaryAP</ammoClass>
		<cookOffProjectile>Bullet_44-40Winchester_Incendiary</cookOffProjectile>
	</ThingDef>

	<ThingDef Class="CombatExtended.AmmoDef" ParentName="44-40WinchesterBase">
		<defName>Ammo_44-40Winchester_HE</defName>
		<label>.44-40 Winchester (AP-HE)</label>
		<graphicData>
			<texPath>Things/Ammo/Rifle/Clip/HE</texPath>
			<graphicClass>Graphic_StackCount</graphicClass>
		</graphicData>
		<statBases>
			<MarketValue>0.22</MarketValue>
		</statBases>
		<ammoClass>ExplosiveAP</ammoClass>
		<cookOffProjectile>Bullet_44-40Winchester_HE</cookOffProjectile>
	</ThingDef>

	<ThingDef Class="CombatExtended.AmmoDef" ParentName="44-40WinchesterBase">
		<defName>Ammo_44-40Winchester_Sabot</defName>
		<label>.44-40 Winchester (Sabot)</label>
		<graphicData>
			<texPath>Things/Ammo/Rifle/Clip/Sabot</texPath>
			<graphicClass>Graphic_StackCount</graphicClass>
		</graphicData>
		<statBases>
			<MarketValue>0.12</MarketValue>
			<Mass>0.018</Mass>
		</statBases>
		<ammoClass>Sabot</ammoClass>
		<cookOffProjectile>Bullet_44-40Winchester_Sabot</cookOffProjectile>
	</ThingDef>-->

	<!-- ================== Projectiles ================== -->

	<ThingDef Name="Base44-40WinchesterBullet" ParentName="AF_BaseBlackPowderBullet" Abstract="true">
		<graphicData>
			<texPath>Things/Projectile/Bullet_Small</texPath>
			<graphicClass>Graphic_Single</graphicClass>
		</graphicData>
		<projectile Class="CombatExtended.ProjectilePropertiesCE">
			<damageDef>Bullet</damageDef>
			<speed>86</speed>
			<dropsCasings>true</dropsCasings>
		</projectile>
	</ThingDef>

	<ThingDef ParentName="Base44-40WinchesterBullet">
		<defName>Bullet_44-40Winchester_FMJ</defName>
		<label>.44-40 Winchester bullet (FMJ)</label>
		<projectile Class="CombatExtended.ProjectilePropertiesCE">
			<damageAmountBase>14</damageAmountBase>
			<armorPenetrationSharp>5</armorPenetrationSharp>
			<armorPenetrationBlunt>18.68</armorPenetrationBlunt>
		</projectile>
	</ThingDef>

  <!--<ThingDef ParentName="Base44-40WinchesterBullet">
		<defName>Bullet_44-40Winchester_AP</defName>
		<label>.44-40 Winchester bullet (AP)</label>
		<projectile Class="CombatExtended.ProjectilePropertiesCE">
			<damageAmountBase>9</damageAmountBase>
			<armorPenetrationSharp>10</armorPenetrationSharp>
			<armorPenetrationBlunt>18.68</armorPenetrationBlunt>
		</projectile>
	</ThingDef>

	<ThingDef ParentName="Base44-40WinchesterBullet">
		<defName>Bullet_44-40Winchester_HP</defName>
		<label>.44-40 Winchester bullet (HP)</label>
		<projectile Class="CombatExtended.ProjectilePropertiesCE">
			<damageAmountBase>18</damageAmountBase>
			<armorPenetrationSharp>3</armorPenetrationSharp>
			<armorPenetrationBlunt>18.68</armorPenetrationBlunt>
		</projectile>
	</ThingDef>

	<ThingDef ParentName="Base44-40WinchesterBullet">
		<defName>Bullet_44-40Winchester_Incendiary</defName>
		<label>.44-40 Winchester bullet (AP-I)</label>
		<projectile Class="CombatExtended.ProjectilePropertiesCE">
			<damageAmountBase>9</damageAmountBase>
			<armorPenetrationSharp>10</armorPenetrationSharp>
			<armorPenetrationBlunt>18.68</armorPenetrationBlunt>
			<secondaryDamage>
				<li>
					<def>Flame_Secondary</def>
					<amount>7</amount>
				</li>
			</secondaryDamage>
		</projectile>
	</ThingDef>

	<ThingDef ParentName="Base44-40WinchesterBullet">
		<defName>Bullet_44-40Winchester_HE</defName>
		<label>.44-40 Winchester bullet (AP-HE)</label>
		<projectile Class="CombatExtended.ProjectilePropertiesCE">
			<damageAmountBase>14</damageAmountBase>
			<armorPenetrationSharp>5</armorPenetrationSharp>
			<armorPenetrationBlunt>18.68</armorPenetrationBlunt>
			<secondaryDamage>
				<li>
					<def>Bomb_Secondary</def>
					<amount>9</amount>
				</li>
			</secondaryDamage>
		</projectile>
	</ThingDef>

	<ThingDef ParentName="Base44-40WinchesterBullet">
		<defName>Bullet_44-40Winchester_Sabot</defName>
		<label>.44-40 Winchester bullet (Sabot)</label>
		<projectile Class="CombatExtended.ProjectilePropertiesCE">
			<damageAmountBase>7</damageAmountBase>
			<armorPenetrationSharp>17.5</armorPenetrationSharp>
			<armorPenetrationBlunt>23.94</armorPenetrationBlunt>
			<speed>117</speed>
		</projectile>
	</ThingDef>-->

	<!-- ==================== Recipes ========================== -->

	<RecipeDef ParentName="AmmoRecipeBlackPowderBase">
		<defName>MakeAmmo_44-40Winchester_FMJ</defName>
		<label>make .44-40 Winchester cartridge (FMJ) x25</label>
		<description>Craft 25 .44-40 Winchester (FMJ) cartridges.</description>
		<jobString>Making .44-40 Winchester (FMJ) cartridges.</jobString>
		<ingredients>
			<li>
				<filter>
					<thingDefs>
						<li>LeadBar</li>
					</thingDefs>
				</filter>
				<count>3</count>
			</li>
      <li>
        <filter>
          <thingDefs>
            <li>AF_Resource_PercussionCap</li>
          </thingDefs>
        </filter>
        <count>5</count>
      </li>
      <li>
        <filter>
          <thingDefs>
            <li>Powder</li>
          </thingDefs>
        </filter>
        <count>2</count>
      </li>
		</ingredients>
		<fixedIngredientFilter>
      <categories>
        <li>HeavyBar</li>
      </categories>
      <thingDefs>
        <li>Powder</li>
        <li>AF_Resource_PercussionCap</li>
      </thingDefs>
		</fixedIngredientFilter>
		<products>
			<Ammo_44-40Winchester_FMJ>25</Ammo_44-40Winchester_FMJ>
		</products>
		<workAmount>2600</workAmount>
    <recipeUsers>
      <li>AF_HandloadingAmmoBench</li>
    </recipeUsers>
    <researchPrerequisite>AF_Research_AdvancedRepeaters</researchPrerequisite>
  </RecipeDef>

  <!--<RecipeDef ParentName="AmmoRecipeBase">
		<defName>MakeAmmo_44-40Winchester_AP</defName>
		<label>make .44-40 Winchester cartridge (AP) cartridge x500</label>
		<description>Craft 500 .44-40 Winchester cartridge (AP) cartridges.</description>
		<jobString>Making .44-40 Winchester cartridge (AP) cartridges.</jobString>
		<ingredients>
			<li>
				<filter>
					<thingDefs>
						<li>Steel</li>
					</thingDefs>
				</filter>
				<count>26</count>
			</li>
		</ingredients>
		<fixedIngredientFilter>
			<thingDefs>
				<li>Steel</li>
			</thingDefs>
		</fixedIngredientFilter>
		<products>
			<Ammo_44-40Winchester_AP>500</Ammo_44-40Winchester_AP>
		</products>
		<workAmount>3120</workAmount>
	</RecipeDef>

	<RecipeDef ParentName="AmmoRecipeBase">
		<defName>MakeAmmo_44-40Winchester_HP</defName>
		<label>make .44-40 Winchester cartridge (HP) cartridge x500</label>
		<description>Craft 500 .44-40 Winchester cartridge (HP) cartridges.</description>
		<jobString>Making .44-40 Winchester cartridge (HP) cartridges.</jobString>
		<ingredients>
			<li>
				<filter>
					<thingDefs>
						<li>Steel</li>
					</thingDefs>
				</filter>
				<count>26</count>
			</li>
		</ingredients>
		<fixedIngredientFilter>
			<thingDefs>
				<li>Steel</li>
			</thingDefs>
		</fixedIngredientFilter>
		<products>
			<Ammo_44-40Winchester_HP>500</Ammo_44-40Winchester_HP>
		</products>
		<workAmount>2600</workAmount>
	</RecipeDef>

	<RecipeDef ParentName="AdvancedAmmoRecipeBase">
		<defName>MakeAmmo_44-40Winchester_Incendiary</defName>
		<label>make .44-40 Winchester (AP-I) cartridge x500</label>
		<description>Craft 500 .44-40 Winchester (AP-I) cartridges.</description>
		<jobString>Making .44-40 Winchester (AP-I) cartridges.</jobString>
		<ingredients>
			<li>
				<filter>
					<thingDefs>
						<li>Steel</li>
					</thingDefs>
				</filter>
				<count>26</count>
			</li>
			<li>
				<filter>
					<thingDefs>
						<li>Prometheum</li>
					</thingDefs>
				</filter>
				<count>4</count>
			</li>
		</ingredients>
		<fixedIngredientFilter>
			<thingDefs>
				<li>Steel</li>
				<li>Prometheum</li>
			</thingDefs>
		</fixedIngredientFilter>
		<products>
			<Ammo_44-40Winchester_Incendiary>500</Ammo_44-40Winchester_Incendiary>
		</products>
		<workAmount>4200</workAmount>
	</RecipeDef>

	<RecipeDef ParentName="AdvancedAmmoRecipeBase">
		<defName>MakeAmmo_44-40Winchester_HE</defName>
		<label>make .44-40 Winchester (AP-HE) cartridge x500</label>
		<description>Craft 500 .44-40 Winchester (AP-HE) cartridges.</description>
		<jobString>Making .44-40 Winchester (AP-HE) cartridges.</jobString>
		<ingredients>
			<li>
				<filter>
					<thingDefs>
						<li>Steel</li>
					</thingDefs>
				</filter>
				<count>26</count>
			</li>
			<li>
				<filter>
					<thingDefs>
						<li>FSX</li>
					</thingDefs>
				</filter>
				<count>7</count>
			</li>
		</ingredients>
		<fixedIngredientFilter>
			<thingDefs>
				<li>Steel</li>
				<li>FSX</li>
			</thingDefs>
		</fixedIngredientFilter>
		<products>
			<Ammo_44-40Winchester_HE>500</Ammo_44-40Winchester_HE>
		</products>
		<workAmount>5400</workAmount>
	</RecipeDef>

	<RecipeDef ParentName="AdvancedAmmoRecipeBase">
		<defName>MakeAmmo_44-40Winchester_Sabot</defName>
		<label>make .44-40 Winchester (Sabot) cartridge x500</label>
		<description>Craft 500 .44-40 Winchester (Sabot) cartridges.</description>
		<jobString>Making .44-40 Winchester (Sabot) cartridges.</jobString>
		<ingredients>
			<li>
				<filter>
					<thingDefs>
						<li>Steel</li>
					</thingDefs>
				</filter>
				<count>12</count>
			</li>
			<li>
				<filter>
					<thingDefs>
						<li>Uranium</li>
					</thingDefs>
				</filter>
				<count>4</count>
			</li>
			<li>
				<filter>
					<thingDefs>
						<li>Chemfuel</li>
					</thingDefs>
				</filter>
				<count>4</count>
			</li>
		</ingredients>
		<fixedIngredientFilter>
			<thingDefs>
				<li>Steel</li>
				<li>Uranium</li>
				<li>Chemfuel</li>
			</thingDefs>
		</fixedIngredientFilter>
		<products>
			<Ammo_44-40Winchester_Sabot>500</Ammo_44-40Winchester_Sabot>
		</products>
		<workAmount>3600</workAmount>
	</RecipeDef>-->

</Defs>