﻿<?xml version="1.0" encoding="utf-8" ?>
<Patch>
  <Operation Class="PatchOperationAdd">
    <xpath>Defs/ArchitectSense.DesignationSubCategoryDef[defName="SubCategory_CraftWeapons"]/defNames</xpath>
    <value>
      <li>MusketBench</li>
    </value>
  </Operation>
  <Operation Class="PatchOperationAdd">
    <xpath>Defs/ArchitectSense.DesignationSubCategoryDef[defName="SubCategory_BlackPowder"]/defNames</xpath>
    <value>
      <li>Turret_AF_WallGun</li>
    </value>
  </Operation>
  <Operation Class="PatchOperationAdd">
    <xpath>Defs/ArchitectSense.DesignationSubCategoryDef[defName="SubCategory_BlackPowder"]/defNames</xpath>
    <value>
      <li>Turret_AF_PuckleGun</li>
    </value>
  </Operation>
</Patch>


