﻿<?xml version="1.0" encoding="utf-8" ?>
<Defs>
  <ThingDef ParentName="ItemCrateBase">
    <defName>AF_WallGun_Crate</defName>
    <label>Wall Gun crate</label>
    <description>Use this to build a Wall Gun.</description>
    <graphicData>
      <texPath>Things/Item/Resource/WeaponCrate</texPath>
      <graphicClass>Graphic_Single</graphicClass>
    </graphicData>
    <soundInteract>Standard_Drop</soundInteract>
    <soundDrop>Standard_Drop</soundDrop>
    <tickerType>Normal</tickerType>
    <stackLimit>1</stackLimit>
    <techLevel>Medieval</techLevel>
    <statBases>
      <MarketValue>1800</MarketValue>
      <MaxHitPoints>100</MaxHitPoints>
      <Flammability>1</Flammability>
      <DeteriorationRate>0</DeteriorationRate>
      <Mass>12.5</Mass>
      <Bulk>15</Bulk>
    </statBases>
    <thingCategories>
      <li>WeaponCrate</li>
    </thingCategories>
    <tradeTags>
      <li>RareCrate</li>
    </tradeTags>
  </ThingDef>


  <RecipeDef ParentName="Medeival_cratecraftbase">
    <defName>Build_AF_WallGun_Crate</defName>
    <label>Build Wall Gun</label>
    <description>Use this to build a Wall Gun.</description>
    <jobString>Building a Wall Gun crate.</jobString>
    <workAmount>33000</workAmount>
    <skillRequirements>
      <Crafting>6</Crafting>
    </skillRequirements>
    <ingredients>
      <li>
        <filter>
          <categories>
            <li>Wooden</li>
          </categories>
        </filter>
        <count>20</count>
      </li>
      <li>
        <filter>
          <categories>
            <li>SLDBar</li>
            <li>USLDBar</li>
          </categories>
        </filter>
        <count>115</count>
      </li>
      <li>
        <filter>
          <categories>
            <li>Wooden</li>
          </categories>
        </filter>
        <count>20</count>
      </li>
      <li>
        <filter>
          <thingDefs>
            <li>Steel</li>
            <li>Tin</li>
          </thingDefs>
        </filter>
        <count>2</count>
      </li>
      <li>
        <filter>
          <thingDefs>
            <li>RushlightFuel</li>
            <li>CandleFuel</li>
          </thingDefs>
        </filter>
        <count>6</count>
      </li>
      <li>
        <filter>
          <thingDefs>
            <li>AF_MusketWeaponPart</li>
          </thingDefs>
        </filter>
        <count>3</count>
      </li>
    </ingredients>
    <products>
      <AF_WallGun_Crate>1</AF_WallGun_Crate>
    </products>
    <fixedIngredientFilter>
      <thingDefs>
        <li>Steel</li>
        <li>Tin</li>
        <li>RushlightFuel</li>
        <li>CandleFuel</li>
        <li>AF_MusketWeaponPart</li>
      </thingDefs>
      <categories>
        <li>Wooden</li>
        <li>SLDBar</li>
        <li>USLDBar</li>
      </categories>
    </fixedIngredientFilter>
    <workSkill>Crafting</workSkill>
    <recipeUsers>
      <li>MusketBench</li>
    </recipeUsers>
    <unfinishedThingDef>UnfinishedTurretMedieval</unfinishedThingDef>
    <researchPrerequisite>AF_Research_Wheellocks</researchPrerequisite>
  </RecipeDef>
</Defs>