<?xml version="1.0" encoding="utf-8"?>
<Defs>

	<ThingCategoryDef>
		<defName>Ammo4570Gov</defName>
		<label>.45-70 Government</label>
		<parent>AmmoRifles</parent>
		<iconPath>UI/Icons/ThingCategories/CaliberRifle</iconPath>
	</ThingCategoryDef>

	<!-- ==================== AmmoSet ========================== -->

	<CombatExtended.AmmoSetDef>
		<defName>AmmoSet_4570Gov</defName>
		<label>.45-70 Government</label>
		<ammoTypes>
			<Ammo_4570Gov_FMJ>Bullet_4570Gov_FMJ</Ammo_4570Gov_FMJ>
			<!--<Ammo_4570Gov_AP>Bullet_4570Gov_AP</Ammo_4570Gov_AP>
			<Ammo_4570Gov_HP>Bullet_4570Gov_HP</Ammo_4570Gov_HP>
			<Ammo_4570Gov_Incendiary>Bullet_4570Gov_Incendiary</Ammo_4570Gov_Incendiary>
			<Ammo_4570Gov_HE>Bullet_4570Gov_HE</Ammo_4570Gov_HE>
			<Ammo_4570Gov_Sabot>Bullet_4570Gov_Sabot</Ammo_4570Gov_Sabot>-->
		</ammoTypes>
		<!--<similarTo>AmmoSet_Rifle</similarTo>-->
	</CombatExtended.AmmoSetDef>

	<!-- ==================== Ammo ========================== -->

	<ThingDef Class="CombatExtended.AmmoDef" Name="4570GovBase" ParentName="SmallAmmoBase" Abstract="True">
		<description>Rather large and bulky rifle cartridge traditionally loaded with blackpowder. Good for making people imitate sacks when they are hit.</description>
		<statBases>
			<Mass>0.037</Mass>
			<Bulk>0.03</Bulk>
		</statBases>
		<tradeTags>
			<li>CE_AutoEnableTrade</li>
			<li>CE_AutoEnableCrafting</li>
		</tradeTags>
		<thingCategories>
			<li>Ammo4570Gov</li>
		</thingCategories>
	</ThingDef>

	<ThingDef Class="CombatExtended.AmmoDef" ParentName="4570GovBase">
		<defName>Ammo_4570Gov_FMJ</defName>
		<label>.45-70 Government (FMJ)</label>
		<graphicData>
			<texPath>Things/Ammo/Rifle/Clip/FMJ</texPath>
			<graphicClass>Graphic_StackCount</graphicClass>
		</graphicData>
		<statBases>
			<MarketValue>0.16</MarketValue>
		</statBases>
		<ammoClass>FullMetalJacket</ammoClass>
		<cookOffProjectile>Bullet_4570Gov_FMJ</cookOffProjectile>
	</ThingDef>

	<!--<ThingDef Class="CombatExtended.AmmoDef" ParentName="4570GovBase">
		<defName>Ammo_4570Gov_AP</defName>
		<label>.45-70 Government (AP)</label>
		<graphicData>
			<texPath>Things/Ammo/Rifle/Clip/AP</texPath>
			<graphicClass>Graphic_StackCount</graphicClass>
		</graphicData>
		<statBases>
			<MarketValue>0.16</MarketValue>
		</statBases>
		<ammoClass>ArmorPiercing</ammoClass>
		<cookOffProjectile>Bullet_4570Gov_AP</cookOffProjectile>
	</ThingDef>

	<ThingDef Class="CombatExtended.AmmoDef" ParentName="4570GovBase">
		<defName>Ammo_4570Gov_HP</defName>
		<label>.45-70 Government (HP)</label>
		<graphicData>
			<texPath>Things/Ammo/Rifle/Clip/HP</texPath>
			<graphicClass>Graphic_StackCount</graphicClass>
		</graphicData>
		<statBases>
			<MarketValue>0.16</MarketValue>
		</statBases>
		<ammoClass>HollowPoint</ammoClass>
		<cookOffProjectile>Bullet_4570Gov_HP</cookOffProjectile>
	</ThingDef>

	<ThingDef Class="CombatExtended.AmmoDef" ParentName="4570GovBase">
		<defName>Ammo_4570Gov_Incendiary</defName>
		<label>.45-70 Government (AP-I)</label>
		<graphicData>
			<texPath>Things/Ammo/Rifle/Clip/Incendiary</texPath>
			<graphicClass>Graphic_StackCount</graphicClass>
		</graphicData>
		<statBases>
			<MarketValue>0.22</MarketValue>
		</statBases>
		<ammoClass>IncendiaryAP</ammoClass>
		<cookOffProjectile>Bullet_4570Gov_Incendiary</cookOffProjectile>
	</ThingDef>

	<ThingDef Class="CombatExtended.AmmoDef" ParentName="4570GovBase">
		<defName>Ammo_4570Gov_HE</defName>
		<label>.45-70 Government (AP-HE)</label>
		<graphicData>
			<texPath>Things/Ammo/Rifle/Clip/HE</texPath>
			<graphicClass>Graphic_StackCount</graphicClass>
		</graphicData>
		<statBases>
			<MarketValue>0.31</MarketValue>
		</statBases>
		<ammoClass>ExplosiveAP</ammoClass>
		<cookOffProjectile>Bullet_4570Gov_HE</cookOffProjectile>
	</ThingDef>

	<ThingDef Class="CombatExtended.AmmoDef" ParentName="4570GovBase">
		<defName>Ammo_4570Gov_Sabot</defName>
		<label>.45-70 Government (Sabot)</label>
		<graphicData>
			<texPath>Things/Ammo/Rifle/Clip/Sabot</texPath>
			<graphicClass>Graphic_StackCount</graphicClass>
		</graphicData>
		<statBases>
			<MarketValue>0.18</MarketValue>
			<Mass>0.029</Mass>
		</statBases>
		<ammoClass>Sabot</ammoClass>
		<cookOffProjectile>Bullet_4570Gov_Sabot</cookOffProjectile>
	</ThingDef>-->

	<!-- ================== Projectiles ================== -->

	<ThingDef Name="Base4570GovBullet" ParentName="AF_BaseBlackPowderBullet" Abstract="true">
		<graphicData>
			<texPath>Things/Projectile/Bullet_Small</texPath>
			<graphicClass>Graphic_Single</graphicClass>
		</graphicData>
		<projectile Class="CombatExtended.ProjectilePropertiesCE">
			<damageDef>Bullet</damageDef>
			<speed>126</speed>
			<dropsCasings>true</dropsCasings>
		</projectile>
	</ThingDef>

	<ThingDef ParentName="Base4570GovBullet">
		<defName>Bullet_4570Gov_FMJ</defName>
		<label>.45-70 Government cartridge (FMJ)</label>
		<projectile Class="CombatExtended.ProjectilePropertiesCE">
			<damageAmountBase>24</damageAmountBase>
			<armorPenetrationSharp>6</armorPenetrationSharp>
			<armorPenetrationBlunt>77.4</armorPenetrationBlunt>
		</projectile>
	</ThingDef>

  <!--<ThingDef ParentName="Base4570GovBullet">
		<defName>Bullet_4570Gov_AP</defName>
		<label>.45-70 Government cartridge (AP)</label>
		<projectile Class="CombatExtended.ProjectilePropertiesCE">
			<damageAmountBase>15</damageAmountBase>
			<armorPenetrationSharp>12</armorPenetrationSharp>
			<armorPenetrationBlunt>77.4</armorPenetrationBlunt>
		</projectile>
	</ThingDef>

	<ThingDef ParentName="Base4570GovBullet">
		<defName>Bullet_4570Gov_HP</defName>
		<label>.45-70 Government cartridge (HP)</label>
		<projectile Class="CombatExtended.ProjectilePropertiesCE">
			<damageAmountBase>30</damageAmountBase>
			<armorPenetrationSharp>3</armorPenetrationSharp>
			<armorPenetrationBlunt>77.4</armorPenetrationBlunt>
		</projectile>
	</ThingDef>

	<ThingDef ParentName="Base4570GovBullet">
		<defName>Bullet_4570Gov_Incendiary</defName>
		<label>.45-70 bullet (AP-I)</label>
		<projectile Class="CombatExtended.ProjectilePropertiesCE">
			<damageAmountBase>15</damageAmountBase>
			<armorPenetrationSharp>12</armorPenetrationSharp>
			<armorPenetrationBlunt>77.4</armorPenetrationBlunt>
			<secondaryDamage>
				<li>
					<def>Flame_Secondary</def>
					<amount>9</amount>
				</li>
			</secondaryDamage>
		</projectile>
	</ThingDef>

	<ThingDef ParentName="Base4570GovBullet">
		<defName>Bullet_4570Gov_HE</defName>
		<label>.45-70 bullet (AP-HE)</label>
		<projectile Class="CombatExtended.ProjectilePropertiesCE">
			<damageAmountBase>24</damageAmountBase>
			<armorPenetrationSharp>6</armorPenetrationSharp>
			<armorPenetrationBlunt>77.4</armorPenetrationBlunt>
			<secondaryDamage>
				<li>
					<def>Bomb_Secondary</def>
					<amount>12</amount>
				</li>
			</secondaryDamage>
		</projectile>
	</ThingDef>

	<ThingDef ParentName="Base4570GovBullet">
		<defName>Bullet_4570Gov_Sabot</defName>
		<label>.45-70 bullet (Sabot)</label>
		<projectile Class="CombatExtended.ProjectilePropertiesCE">
			<damageAmountBase>13</damageAmountBase>
			<armorPenetrationSharp>21</armorPenetrationSharp>
			<armorPenetrationBlunt>99.54</armorPenetrationBlunt>
			<speed>171</speed>
		</projectile>
	</ThingDef>-->

	<!-- ==================== Recipes ========================== -->

	<RecipeDef ParentName="AmmoRecipeBlackPowderBase">
		<defName>MakeAmmo_4570Gov_FMJ</defName>
		<label>make .45-70 Government cartridge (FMJ) cartridge x25</label>
		<description>Craft 25 .45-70 Government cartridge (FMJ) cartridges.</description>
		<jobString>Making .45-70 Government cartridge (FMJ) cartridges.</jobString>
		<ingredients>
			<li>
				<filter>
					<thingDefs>
						<li>LeadBar</li>
					</thingDefs>
				</filter>
				<count>3</count>
			</li>
      <li>
        <filter>
          <thingDefs>
            <li>AF_PercussionCap</li>
          </thingDefs>
        </filter>
        <count>5</count>
      </li>
      <li>
        <filter>
          <thingDefs>
            <li>Powder</li>
          </thingDefs>
        </filter>
        <count>2</count>
      </li>
		</ingredients>
		<fixedIngredientFilter>
      <categories>
        <li>HeavyBar</li>
			</categories>
      <thingDefs>
        <li>Powder</li>
        <li>AF_PercussionCap</li>
      </thingDefs>
		</fixedIngredientFilter>
		<products>
			<Ammo_4570Gov_FMJ>25</Ammo_4570Gov_FMJ>
		</products>
		<workAmount>550</workAmount>
    <recipeUsers>
      <li>AF_HandloadingAmmoBench</li>
    </recipeUsers>
	</RecipeDef>

  <!--<RecipeDef ParentName="AmmoRecipeBase">
		<defName>MakeAmmo_4570Gov_AP</defName>
		<label>make .45-70 Government cartridge (AP) cartridge x500</label>
		<description>Craft 500 .45-70 Government cartridge (AP) cartridges.</description>
		<jobString>Making .45-70 Government cartridge (AP) cartridges.</jobString>
		<ingredients>
			<li>
				<filter>
					<thingDefs>
						<li>Steel</li>
					</thingDefs>
				</filter>
				<count>38</count>
			</li>
		</ingredients>
		<fixedIngredientFilter>
			<thingDefs>
				<li>Steel</li>
			</thingDefs>
		</fixedIngredientFilter>
		<products>
			<Ammo_4570Gov_AP>500</Ammo_4570Gov_AP>
		</products>
		<workAmount>4560</workAmount>
	</RecipeDef>

	<RecipeDef ParentName="AmmoRecipeBase">
		<defName>MakeAmmo_4570Gov_HP</defName>
		<label>make .45-70 Government cartridge (HP) cartridge x500</label>
		<description>Craft 500 .45-70 Government cartridge (HP) cartridges.</description>
		<jobString>Making .45-70 Government cartridge (HP) cartridges.</jobString>
		<ingredients>
			<li>
				<filter>
					<thingDefs>
						<li>Steel</li>
					</thingDefs>
				</filter>
				<count>38</count>
			</li>
		</ingredients>
		<fixedIngredientFilter>
			<thingDefs>
				<li>Steel</li>
			</thingDefs>
		</fixedIngredientFilter>
		<products>
			<Ammo_4570Gov_HP>500</Ammo_4570Gov_HP>
		</products>
		<workAmount>3800</workAmount>
	</RecipeDef>

	<RecipeDef ParentName="AdvancedAmmoRecipeBase">
		<defName>MakeAmmo_4570Gov_Incendiary</defName>
		<label>make .45-70 Government (AP-I) cartridge x500</label>
		<description>Craft 500 .45-70 Government (AP-I) cartridges.</description>
		<jobString>Making .45-70 Government (AP-I) cartridges.</jobString>
		<ingredients>
			<li>
				<filter>
					<thingDefs>
						<li>Steel</li>
					</thingDefs>
				</filter>
				<count>38</count>
			</li>
			<li>
				<filter>
					<thingDefs>
						<li>Prometheum</li>
					</thingDefs>
				</filter>
				<count>5</count>
			</li>
		</ingredients>
		<fixedIngredientFilter>
			<thingDefs>
				<li>Steel</li>
				<li>Prometheum</li>
			</thingDefs>
		</fixedIngredientFilter>
		<products>
			<Ammo_4570Gov_Incendiary>500</Ammo_4570Gov_Incendiary>
		</products>
		<workAmount>5800</workAmount>
	</RecipeDef>

	<RecipeDef ParentName="AdvancedAmmoRecipeBase">
		<defName>MakeAmmo_4570Gov_HE</defName>
		<label>make .45-70 Government (AP-HE) cartridge x500</label>
		<description>Craft 500 .45-70 Government (AP-HE) cartridges.</description>
		<jobString>Making .45-70 Government (AP-HE) cartridges.</jobString>
		<ingredients>
			<li>
				<filter>
					<thingDefs>
						<li>Steel</li>
					</thingDefs>
				</filter>
				<count>38</count>
			</li>
			<li>
				<filter>
					<thingDefs>
						<li>FSX</li>
					</thingDefs>
				</filter>
				<count>10</count>
			</li>
		</ingredients>
		<fixedIngredientFilter>
			<thingDefs>
				<li>Steel</li>
				<li>FSX</li>
			</thingDefs>
		</fixedIngredientFilter>
		<products>
			<Ammo_4570Gov_HE>500</Ammo_4570Gov_HE>
		</products>
		<workAmount>7800</workAmount>
	</RecipeDef>

	<RecipeDef ParentName="AdvancedAmmoRecipeBase">
		<defName>MakeAmmo_4570Gov_Sabot</defName>
		<label>make .45-70 Government (Sabot) cartridge x500</label>
		<description>Craft 500 .45-70 Government (Sabot) cartridges.</description>
		<jobString>Making .45-70 Government (Sabot) cartridges.</jobString>
		<ingredients>
			<li>
				<filter>
					<thingDefs>
						<li>Steel</li>
					</thingDefs>
				</filter>
				<count>18</count>
			</li>
			<li>
				<filter>
					<thingDefs>
						<li>Uranium</li>
					</thingDefs>
				</filter>
				<count>6</count>
			</li>
			<li>
				<filter>
					<thingDefs>
						<li>Chemfuel</li>
					</thingDefs>
				</filter>
				<count>6</count>
			</li>
		</ingredients>
		<fixedIngredientFilter>
			<thingDefs>
				<li>Steel</li>
				<li>Uranium</li>
				<li>Chemfuel</li>
			</thingDefs>
		</fixedIngredientFilter>
		<products>
			<Ammo_4570Gov_Sabot>500</Ammo_4570Gov_Sabot>
		</products>
		<workAmount>5400</workAmount>
	</RecipeDef>-->
</Defs>