﻿<?xml version="1.0" encoding="utf-8" ?>
<Defs>
  <ThingDef ParentName="BaseGun_ShortBarreled">
    <defName>AF_PufferPistol</defName>
    <label>Puffer Pistol</label>
    <description>A lighter pistol than the military pistol, with a slightly smaller bore and a significantly shorter barrel, which can be thrust under a belt.. \nCaliber: .53</description>
    <graphicData>
      <texPath>Things/Weapons/AFPufferPistol</texPath>
      <graphicClass>Graphic_Single</graphicClass>
    </graphicData>
    <soundInteract>BPInteract</soundInteract>
    <statBases>
      <MarketValue>260</MarketValue>
      <SightsEfficiency>0.4</SightsEfficiency>
      <ShotSpread>0.6</ShotSpread>
      <SwayFactor>1.4</SwayFactor>
      <RangedWeapon_Cooldown>0.98</RangedWeapon_Cooldown>
      <Bulk>3.3</Bulk>
      <Mass>0.9</Mass>
      <WorkToMake>5500</WorkToMake>
      <MaxHitPoints>45</MaxHitPoints>
      <SellPriceFactor>0.6</SellPriceFactor>
    </statBases>
    <weaponTags>
      <li>BlackPowderGun</li>
    </weaponTags>
    <thingCategories>
      <li>Pistols</li>
    </thingCategories>
    <verbs>
      <li Class="CombatExtended.VerbPropertiesCE">
        <verbClass>CombatExtended.Verb_ShootCE</verbClass>
        <hasStandardCommand>true</hasStandardCommand>
        <defaultProjectile>Bullet_53Caliber_Lead</defaultProjectile>
        <warmupTime>1</warmupTime>
        <range>12</range>
        <recoilAmount>3.01</recoilAmount>
        <soundCast>Pistolet</soundCast>
        <soundCastTail>GunTail_Heavy</soundCastTail>
        <muzzleFlashScale>12</muzzleFlashScale>
      </li>
    </verbs>
    <comps>
      <li Class="CombatExtended.CompProperties_FireModes">
        <aiAimMode>Snapshot</aiAimMode>
      </li>
      <li Class="CombatExtended.CompProperties_AmmoUser">
        <magazineSize>1</magazineSize>
        <reloadTime>2.5</reloadTime>
        <ammoSet>AmmoSet_53Caliber</ammoSet>
      </li>
    </comps>
    <smeltProducts Inherit="false">
      <ComponentMedieval>1</ComponentMedieval>
    </smeltProducts>
    
  </ThingDef>
  <!-- RECIPE -->
  <RecipeDef ParentName="RangedWeaponRecipeBase">
    <defName>BuildGun_AF_PufferPistol</defName>
    <label>Build Puffer Pistol</label>
    <description>AF_PufferPistol.</description>
    <jobString>Building AF_PufferPistol.</jobString>
    <workAmount>6000</workAmount>
    <skillRequirements>
      <Crafting>8</Crafting>
    </skillRequirements>
    <ingredients>
      <li>
        <filter>
          <thingDefs>
            <li>AF_MusketWeaponPart</li>
          </thingDefs>
        </filter>
        <count>2</count>
      </li>
      <li>
        <filter>
          <thingDefs>
            <li>Steel</li>
            <li>Tin</li>
          </thingDefs>
        </filter>
        <count>10</count>
      </li>
      <li>
        <filter>
          <categories>
            <li>SLDBar</li>
          </categories>
        </filter>
        <count>25</count>
      </li>
      <li>
        <filter>
          <categories>
            <li>Woody</li>
          </categories>
        </filter>
        <count>5</count>
      </li>
    </ingredients>
    <products>
      <AF_PufferPistol>1</AF_PufferPistol>
    </products>
    <fixedIngredientFilter>
      <thingDefs>
        <li>AF_MusketWeaponPart</li>
        <li>Steel</li>
        <li>Tin</li>
      </thingDefs>
      <categories>
        <li>SLDBar</li>
        <li>Woody</li>
      </categories>
    </fixedIngredientFilter>
    <recipeUsers>
      <li>MusketBench</li>
    </recipeUsers>
    <researchPrerequisite>AF_Wheellocks</researchPrerequisite>
    <unfinishedThingDef>UnfinishedGun</unfinishedThingDef>
  </RecipeDef>
</Defs>
