<?xml version="1.0" encoding="utf-8" ?>
<Defs>
  <!-- ==================THING============================ -->
  <ThingDef ParentName="BaseGun_LongBarreled">
    <defName>AF_SniderRifle</defName>
    <label>Snider Rifle, .577 Caplock caliber</label>
    <description>Snider Rifle. \nCaliber: .577 Caplock</description>
    <graphicData>
      <texPath>Things/Weapons/AF_SniderRifle</texPath>
      <graphicClass>Graphic_Single</graphicClass>
    </graphicData>
    <soundInteract>Interact_Shotgun</soundInteract>
    <thingCategories>
      <li>BlackPowderGun</li>
    </thingCategories>
    <weaponTags>
      <li>Rifles</li>
    </weaponTags>
    <statBases>
      <MarketValue>245</MarketValue>
      <SightsEfficiency>0.9</SightsEfficiency>
      <ShotSpread>0.03</ShotSpread>
      <SwayFactor>1.82</SwayFactor>
      <RangedWeapon_Cooldown>1.1</RangedWeapon_Cooldown>
      <Bulk>14</Bulk>
      <Mass>4.2</Mass>
      <WorkToMake>8000</WorkToMake>
    </statBases>
    <verbs>
      <li Class="CombatExtended.VerbPropertiesCE">
        <verbClass>CombatExtended.Verb_ShootCE</verbClass>
        <hasStandardCommand>true</hasStandardCommand>
        <defaultProjectile>Bullet_577CaliberCapMet</defaultProjectile>
        <warmupTime>1.1</warmupTime>
        <range>40</range>
        <recoilAmount>2.89</recoilAmount>
        <soundCast>Springfield</soundCast>
        <soundCastTail>GunTail_Heavy</soundCastTail>
        <muzzleFlashScale>9</muzzleFlashScale>
      </li>
    </verbs>
    <comps>
      <li Class="CombatExtended.CompProperties_FireModes">
        <aiAimMode>AimedShot</aiAimMode>
      </li>
      <li Class="CombatExtended.CompProperties_AmmoUser">
        <magazineSize>1</magazineSize>
        <reloadTime>2.6</reloadTime>
        <ammoSet>AmmoSet_577CaliberCapMet</ammoSet>
      </li>
    </comps>
    <modExtensions>
      <li Class="CombatExtended.GunDrawExtension">
        <DrawSize>1.4,1.4</DrawSize>
      </li>
    </modExtensions>
    <smeltProducts>
      <ComponentMedieval>3</ComponentMedieval>
    </smeltProducts>

  </ThingDef>
  <!-- ====================RECIPE========================== -->
  <RecipeDef ParentName="RangedWeaponRecipeBase">
    <defName>BuildAF_SniderRifle</defName>
    <label>Build Snider Rifle</label>
    <description>Snider Rifle. .\nCaliber: .577 Caplock</description>
    <jobString>Building Snider Rifle.</jobString>
    <workAmount>10000</workAmount>
    <skillRequirements>
      <Crafting>5</Crafting>
    </skillRequirements>
    <ingredients>
      <li>
        <filter>
          <thingDefs>
            <li>AF_MusketWeaponPart</li>
          </thingDefs>
        </filter>
        <count>2</count>
      </li>
      <li>
        <filter>
          <categories>
            <li>SLDBar</li>
          </categories>
        </filter>
        <count>65</count>
      </li>
      <li>
        <filter>
          <categories>
            <li>Woody</li>
          </categories>
        </filter>
        <count>10</count>
      </li>
    </ingredients>
    <products>
      <AF_SniderRifle>1</AF_SniderRifle>
    </products>
    <fixedIngredientFilter>
      <thingDefs>
        <li>AF_MusketWeaponPart</li>
      </thingDefs>
      <categories>
        <li>SLDBar</li>
        <li>Woody</li>
      </categories>
    </fixedIngredientFilter>
    <recipeUsers>
      <li>MusketBench</li>
    </recipeUsers>
    <researchPrerequisite>AF_Research_MetallicCartridges</researchPrerequisite>
    <unfinishedThingDef>UnfinishedGun</unfinishedThingDef>
  </RecipeDef>
</Defs>