﻿<?xml version="1.0" encoding="utf-8" ?>
<Defs>
  <ThingDef ParentName="BaseGun_ShortBarreled">
    <defName>AF_HighlandPistol</defName>
    <label>Highland Pistol</label>
    <description>Its 8” barrel makes it a convenient belt pistol. Unusually for the era, it’s made entirely of steel. \nCaliber: .52</description>
    <graphicData>
      <texPath>Things/Weapons/AFHighlandPistol</texPath>
      <graphicClass>Graphic_Single</graphicClass>
    </graphicData>
    <soundInteract>BPInteract</soundInteract>
    <statBases>
      <MarketValue>135</MarketValue>
      <SightsEfficiency>0.6</SightsEfficiency>
      <ShotSpread>0.6</ShotSpread>
      <SwayFactor>1.58</SwayFactor>
      <RangedWeapon_Cooldown>0.88</RangedWeapon_Cooldown>
      <Bulk>3.5</Bulk>
      <Mass>1.24</Mass>
      <WorkToMake>8000</WorkToMake>
      <MaxHitPoints>60</MaxHitPoints>
      <SellPriceFactor>0.6</SellPriceFactor>
    </statBases>
    <weaponTags>
      <li>BlackPowderGun</li>
    </weaponTags>
    <thingCategories>
      <li>Pistols</li>
    </thingCategories>
    <verbs>
      <li Class="CombatExtended.VerbPropertiesCE">
        <verbClass>CombatExtended.Verb_ShootCE</verbClass>
        <hasStandardCommand>true</hasStandardCommand>
        <defaultProjectile>Bullet_52Caliber_Lead</defaultProjectile>
        <warmupTime>0.6</warmupTime>
        <range>12</range>
        <recoilAmount>2.57</recoilAmount>
        <soundCast>Pistolet</soundCast>
        <soundCastTail>GunTail_Heavy</soundCastTail>
        <muzzleFlashScale>12</muzzleFlashScale>
      </li>
    </verbs>
    <comps>
      <li Class="CombatExtended.CompProperties_FireModes">
        <aiAimMode>Snapshot</aiAimMode>
      </li>
      <li Class="CombatExtended.CompProperties_AmmoUser">
        <magazineSize>1</magazineSize>
        <reloadTime>3</reloadTime>
        <ammoSet>AmmoSet_52Caliber</ammoSet>
      </li>
    </comps>
    <smeltProducts Inherit="false">
      <ComponentMedieval>3</ComponentMedieval>
    </smeltProducts>
    
  </ThingDef>
  <!-- RECIPE -->
  <RecipeDef ParentName="RangedWeaponRecipeBase">
    <defName>BuildGun_AF_HighlandPistol</defName>
    <label>Build Highland Pistol</label>
    <description>Highland Pistol.</description>
    <jobString>Building Highland Pistol pistol.</jobString>
    <workAmount>3500</workAmount>
    <skillRequirements>
      <Crafting>8</Crafting>
    </skillRequirements>
    <ingredients>
      <li>
        <filter>
          <thingDefs>
            <li>AF_MusketWeaponPart</li>
          </thingDefs>
        </filter>
        <count>2</count>
      </li>
      <li>
        <filter>
          <thingDefs>
            <li>SmallFlintBlocks</li>
          </thingDefs>
        </filter>
        <count>2</count>
      </li>
      <li>
        <filter>
          <categories>
            <li>SLDBar</li>
          </categories>
        </filter>
        <count>30</count>
      </li>
    </ingredients>
    <products>
      <AF_HighlandPistol>1</AF_HighlandPistol>
    </products>
    <fixedIngredientFilter>
      <thingDefs>
        <li>AF_MusketWeaponPart</li>
        <li>SmallFlintBlocks</li>
      </thingDefs>
      <categories>
        <li>SLDBar</li>
      </categories>
    </fixedIngredientFilter>
    <recipeUsers>
      <li>MusketBench</li>
    </recipeUsers>
    <researchPrerequisite>Muskets_B1</researchPrerequisite>
    <unfinishedThingDef>UnfinishedGun</unfinishedThingDef>
  </RecipeDef>
</Defs>
