﻿<?xml version="1.0" encoding="utf-8"?>
<Defs>

	<ThingCategoryDef>
		<defName>Ammo5656Spencer</defName>
		<label>.56-56 Spencer</label>
		<parent>AmmoRifles</parent>
		<iconPath>UI/Icons/ThingCategories/CaliberRifle</iconPath>
	</ThingCategoryDef>

	<!-- ==================== AmmoSet ========================== -->

	<CombatExtended.AmmoSetDef>
		<defName>AmmoSet_5656Spencer</defName>
		<label>.56-56 Spencer rimfire</label>
		<ammoTypes>
			<Ammo_5656Spencer_FMJ>Bullet_5656Spencer_FMJ</Ammo_5656Spencer_FMJ>
			<!--<Ammo_5656Spencer_AP>Bullet_5656Spencer_AP</Ammo_5656Spencer_AP>
			<Ammo_5656Spencer_HP>Bullet_5656Spencer_HP</Ammo_5656Spencer_HP>
			<Ammo_5656Spencer_Incendiary>Bullet_5656Spencer_Incendiary</Ammo_5656Spencer_Incendiary>
			<Ammo_5656Spencer_HE>Bullet_5656Spencer_HE</Ammo_5656Spencer_HE>
			<Ammo_5656Spencer_Sabot>Bullet_5656Spencer_Sabot</Ammo_5656Spencer_Sabot>-->
		</ammoTypes>
    <!--<similarTo>AmmoSet_RifleIntermediate</similarTo>-->
  </CombatExtended.AmmoSetDef>

	<!-- ==================== Ammo ========================== -->

	<ThingDef Class="CombatExtended.AmmoDef" Name="5656SpencerBase" ParentName="SmallAmmoBase" Abstract="True">
		<description>Ancient cartridge for use in the Spencer repeating rifle.</description>
		<statBases>
			<Mass>0.033</Mass>
			<Bulk>0.02</Bulk>
		</statBases>
		<tradeTags>
			<li>CE_AutoEnableTrade</li>
			<li>CE_AutoEnableCrafting</li>
		</tradeTags>
		<thingCategories>
			<li>Ammo5656Spencer</li>
		</thingCategories>
	</ThingDef>

	<ThingDef Class="CombatExtended.AmmoDef" ParentName="5656SpencerBase">
		<defName>Ammo_5656Spencer_FMJ</defName>
		<label>56-56 Spencer (FMJ)</label>
		<graphicData>
			<texPath>Things/Ammo/Rifle/Clip/FMJ</texPath>
			<graphicClass>Graphic_StackCount</graphicClass>
		</graphicData>
		<statBases>
			<MarketValue>0.14</MarketValue>
		</statBases>
		<ammoClass>FullMetalJacket</ammoClass>
		<cookOffProjectile>Bullet_5656Spencer_FMJ</cookOffProjectile>
	</ThingDef>

  <!--<ThingDef Class="CombatExtended.AmmoDef" ParentName="5656SpencerBase">
		<defName>Ammo_5656Spencer_AP</defName>
		<label>.56-56 Spencer (AP)</label>
		<graphicData>
			<texPath>Things/Ammo/Rifle/Clip/AP</texPath>
			<graphicClass>Graphic_StackCount</graphicClass>
		</graphicData>
		<statBases>
			<MarketValue>0.14</MarketValue>
		</statBases>
		<ammoClass>ArmorPiercing</ammoClass>
		<cookOffProjectile>Bullet_5656Spencer_AP</cookOffProjectile>
	</ThingDef>

	<ThingDef Class="CombatExtended.AmmoDef" ParentName="5656SpencerBase">
		<defName>Ammo_5656Spencer_HP</defName>
		<label>.56-56 Spencer (HP)</label>
		<graphicData>
			<texPath>Things/Ammo/Rifle/Clip/HP</texPath>
			<graphicClass>Graphic_StackCount</graphicClass>
		</graphicData>
		<statBases>
			<MarketValue>0.14</MarketValue>
		</statBases>
		<ammoClass>HollowPoint</ammoClass>
		<cookOffProjectile>Bullet_5656Spencer_HP</cookOffProjectile>
	</ThingDef>

	<ThingDef Class="CombatExtended.AmmoDef" ParentName="5656SpencerBase">
		<defName>Ammo_5656Spencer_Incendiary</defName>
		<label>.56-56 Spencer (AP-I)</label>
		<graphicData>
			<texPath>Things/Ammo/Rifle/Clip/Incendiary</texPath>
			<graphicClass>Graphic_StackCount</graphicClass>
		</graphicData>
		<statBases>
			<MarketValue>0.22</MarketValue>
		</statBases>
		<ammoClass>IncendiaryAP</ammoClass>
		<cookOffProjectile>Bullet_5656Spencer_Incendiary</cookOffProjectile>
	</ThingDef>

	<ThingDef Class="CombatExtended.AmmoDef" ParentName="5656SpencerBase">
		<defName>Ammo_5656Spencer_HE</defName>
		<label>.56-56 Spencer (AP-HE)</label>
		<graphicData>
			<texPath>Things/Ammo/Rifle/Clip/HE</texPath>
			<graphicClass>Graphic_StackCount</graphicClass>
		</graphicData>
		<statBases>
			<MarketValue>0.33</MarketValue>
		</statBases>
		<ammoClass>ExplosiveAP</ammoClass>
		<cookOffProjectile>Bullet_5656Spencer_HE</cookOffProjectile>
	</ThingDef>

	<ThingDef Class="CombatExtended.AmmoDef" ParentName="5656SpencerBase">
		<defName>Ammo_5656Spencer_Sabot</defName>
		<label>.56-56 Spencer (Sabot)</label>
		<graphicData>
			<texPath>Things/Ammo/Rifle/Clip/Sabot</texPath>
			<graphicClass>Graphic_StackCount</graphicClass>
		</graphicData>
		<statBases>
			<MarketValue>0.17</MarketValue>
			<Mass>0.023</Mass>
		</statBases>
		<ammoClass>Sabot</ammoClass>
		<cookOffProjectile>Bullet_5656Spencer_Sabot</cookOffProjectile>
	</ThingDef>-->

	<!-- ================== Projectiles ================== -->

	<ThingDef Name="Base5656SpencerBullet" ParentName="AF_BaseBlackPowderBullet" Abstract="true">
		<graphicData>
			<texPath>Things/Projectile/Bullet_Small</texPath>
			<graphicClass>Graphic_Single</graphicClass>
		</graphicData>
		<projectile Class="CombatExtended.ProjectilePropertiesCE">
			<damageDef>Bullet</damageDef>
			<speed>84</speed>
			<dropsCasings>true</dropsCasings>
		</projectile>
	</ThingDef>

	<ThingDef ParentName="Base5656SpencerBullet">
		<defName>Bullet_5656Spencer_FMJ</defName>
		<label>.56-56 Spencer bullet (FMJ)</label>
		<projectile Class="CombatExtended.ProjectilePropertiesCE">
			<damageAmountBase>18</damageAmountBase>
			<armorPenetrationSharp>5</armorPenetrationSharp>
			<armorPenetrationBlunt>30.36</armorPenetrationBlunt>
		</projectile>
	</ThingDef>

  <!--<ThingDef ParentName="Base5656SpencerBullet">
		<defName>Bullet_5656Spencer_AP</defName>
		<label>.56-56 Spencer bullet (AP)</label>
		<projectile Class="CombatExtended.ProjectilePropertiesCE">
			<damageAmountBase>11</damageAmountBase>
			<armorPenetrationSharp>10</armorPenetrationSharp>
			<armorPenetrationBlunt>30.36</armorPenetrationBlunt>
		</projectile>
	</ThingDef>

	<ThingDef ParentName="Base5656SpencerBullet">
		<defName>Bullet_5656Spencer_HP</defName>
		<label>.56-56 Spencer bullet (HP)</label>
		<projectile Class="CombatExtended.ProjectilePropertiesCE">
			<damageAmountBase>23</damageAmountBase>
			<armorPenetrationSharp>3</armorPenetrationSharp>
			<armorPenetrationBlunt>30.36</armorPenetrationBlunt>
		</projectile>
	</ThingDef>

	<ThingDef ParentName="Base5656SpencerBullet">
		<defName>Bullet_5656Spencer_Incendiary</defName>
		<label>.56-56 Spencer bullet (AP-I)</label>
		<projectile Class="CombatExtended.ProjectilePropertiesCE">
			<damageAmountBase>11</damageAmountBase>
			<armorPenetrationSharp>10</armorPenetrationSharp>
			<armorPenetrationBlunt>30.36</armorPenetrationBlunt>
			<secondaryDamage>
				<li>
					<def>Flame_Secondary</def>
					<amount>9</amount>
				</li>
			</secondaryDamage>
		</projectile>
	</ThingDef>

	<ThingDef ParentName="Base5656SpencerBullet">
		<defName>Bullet_5656Spencer_HE</defName>
		<label>.56-56 Spencer bullet (AP-HE)</label>
		<projectile Class="CombatExtended.ProjectilePropertiesCE">
			<damageAmountBase>18</damageAmountBase>
			<armorPenetrationSharp>5</armorPenetrationSharp>
			<armorPenetrationBlunt>30.36</armorPenetrationBlunt>
			<secondaryDamage>
				<li>
					<def>Bomb_Secondary</def>
					<amount>13</amount>
				</li>
			</secondaryDamage>
		</projectile>
	</ThingDef>

	<ThingDef ParentName="Base5656SpencerBullet">
		<defName>Bullet_5656Spencer_Sabot</defName>
		<label>.56-56 Spencer bullet (Sabot)</label>
		<projectile Class="CombatExtended.ProjectilePropertiesCE">
			<damageAmountBase>10</damageAmountBase>
			<armorPenetrationSharp>17.5</armorPenetrationSharp>
			<armorPenetrationBlunt>38.94</armorPenetrationBlunt>
			<speed>114</speed>
		</projectile>
	</ThingDef>-->

	<!-- ==================== Recipes ========================== -->

	<RecipeDef ParentName="AmmoRecipeBase">
		<defName>MakeAmmo_5656Spencer_FMJ</defName>
		<label>make .56-56 Spencer (FMJ) cartridge x25</label>
		<description>Craft 25 .56-56 Spencer (FMJ) cartridges.</description>
		<jobString>Making .56-56 Spencer (FMJ) cartridges.</jobString>
    <ingredients>
      <li>
        <filter>
          <thingDefs>
            <li>LeadBar</li>
          </thingDefs>
        </filter>
        <count>3</count>
      </li>
      <li>
        <filter>
          <thingDefs>
            <li>AF_Resource_PercussionCap</li>
          </thingDefs>
        </filter>
        <count>5</count>
      </li>
      <li>
        <filter>
          <thingDefs>
            <li>Powder</li>
          </thingDefs>
        </filter>
        <count>2</count>
      </li>
    </ingredients>
    <fixedIngredientFilter>
      <categories>
        <li>HeavyBar</li>
      </categories>
      <thingDefs>
        <li>Powder</li>
        <li>AF_Resource_PercussionCap</li>
      </thingDefs>
    </fixedIngredientFilter>
		<products>
			<Ammo_5656Spencer_FMJ>25</Ammo_5656Spencer_FMJ>
		</products>
		<workAmount>3400</workAmount>
    <recipeUsers>
      <li>AF_HandloadingAmmoBench</li>
    </recipeUsers>
    <researchPrerequisite>AF_Research_AdvancedRepeaters</researchPrerequisite>
	</RecipeDef>

  <!--<RecipeDef ParentName="AmmoRecipeBase">
		<defName>MakeAmmo_5656Spencer_AP</defName>
		<label>make .56-56 Spencer (AP) cartridge x500</label>
		<description>Craft 500 .56-56 Spencer (AP) cartridges.</description>
		<jobString>Making .56-56 Spencer (AP) cartridges.</jobString>
		<ingredients>
			<li>
				<filter>
					<thingDefs>
						<li>Steel</li>
					</thingDefs>
				</filter>
				<count>34</count>
			</li>
		</ingredients>
		<fixedIngredientFilter>
			<thingDefs>
				<li>Steel</li>
			</thingDefs>
		</fixedIngredientFilter>
		<products>
			<Ammo_5656Spencer_AP>500</Ammo_5656Spencer_AP>
		</products>
		<workAmount>4080</workAmount>
	</RecipeDef>

	<RecipeDef ParentName="AmmoRecipeBase">
		<defName>MakeAmmo_5656Spencer_HP</defName>
		<label>make .56-56 Spencer (HP) cartridge x500</label>
		<description>Craft 500 .56-56 Spencer (HP) cartridges.</description>
		<jobString>Making .56-56 Spencer (HP) cartridges.</jobString>
		<ingredients>
			<li>
				<filter>
					<thingDefs>
						<li>Steel</li>
					</thingDefs>
				</filter>
				<count>34</count>
			</li>
		</ingredients>
		<fixedIngredientFilter>
			<thingDefs>
				<li>Steel</li>
			</thingDefs>
		</fixedIngredientFilter>
		<products>
			<Ammo_5656Spencer_HP>500</Ammo_5656Spencer_HP>
		</products>
		<workAmount>3400</workAmount>
	</RecipeDef>

	<RecipeDef ParentName="AdvancedAmmoRecipeBase">
		<defName>MakeAmmo_5656Spencer_Incendiary</defName>
		<label>make .56-56 Spencer (AP-I) cartridge x500</label>
		<description>Craft 500 .56-56 Spencer (AP-I) cartridges.</description>
		<jobString>Making .56-56 Spencer (AP-I) cartridges.</jobString>
		<ingredients>
			<li>
				<filter>
					<thingDefs>
						<li>Steel</li>
					</thingDefs>
				</filter>
				<count>34</count>
			</li>
			<li>
				<filter>
					<thingDefs>
						<li>Prometheum</li>
					</thingDefs>
				</filter>
				<count>6</count>
			</li>
		</ingredients>
		<fixedIngredientFilter>
			<thingDefs>
				<li>Steel</li>
				<li>Prometheum</li>
			</thingDefs>
		</fixedIngredientFilter>
		<products>
			<Ammo_5656Spencer_Incendiary>500</Ammo_5656Spencer_Incendiary>
		</products>
		<workAmount>5800</workAmount>
	</RecipeDef>

	<RecipeDef ParentName="AdvancedAmmoRecipeBase">
		<defName>MakeAmmo_5656Spencer_HE</defName>
		<label>make .56-56 Spencer (AP-HE) cartridge x500</label>
		<description>Craft 500 .56-56 Spencer (AP-HE) cartridges.</description>
		<jobString>Making .56-56 Spencer (AP-HE) cartridges.</jobString>
		<ingredients>
			<li>
				<filter>
					<thingDefs>
						<li>Steel</li>
					</thingDefs>
				</filter>
				<count>34</count>
			</li>
			<li>
				<filter>
					<thingDefs>
						<li>FSX</li>
					</thingDefs>
				</filter>
				<count>11</count>
			</li>
		</ingredients>
		<fixedIngredientFilter>
			<thingDefs>
				<li>Steel</li>
				<li>FSX</li>
			</thingDefs>
		</fixedIngredientFilter>
		<products>
			<Ammo_5656Spencer_HE>500</Ammo_5656Spencer_HE>
		</products>
		<workAmount>7800</workAmount>
	</RecipeDef>

	<RecipeDef ParentName="AdvancedAmmoRecipeBase">
		<defName>MakeAmmo_5656Spencer_Sabot</defName>
		<label>make .56-56 Spencer (Sabot) cartridge x500</label>
		<description>Craft 500 .56-56 Spencer (Sabot) cartridges.</description>
		<jobString>Making .56-56 Spencer (Sabot) cartridges.</jobString>
		<ingredients>
			<li>
				<filter>
					<thingDefs>
						<li>Steel</li>
					</thingDefs>
				</filter>
				<count>10</count>
			</li>
			<li>
				<filter>
					<thingDefs>
						<li>Uranium</li>
					</thingDefs>
				</filter>
				<count>7</count>
			</li>
			<li>
				<filter>
					<thingDefs>
						<li>Chemfuel</li>
					</thingDefs>
				</filter>
				<count>7</count>
			</li>
		</ingredients>
		<fixedIngredientFilter>
			<thingDefs>
				<li>Steel</li>
				<li>Uranium</li>
				<li>Chemfuel</li>
			</thingDefs>
		</fixedIngredientFilter>
		<products>
			<Ammo_5656Spencer_Sabot>500</Ammo_5656Spencer_Sabot>
		</products>
		<workAmount>5200</workAmount>
	</RecipeDef>-->

</Defs>