﻿<?xml version="1.0" encoding="utf-8"?>
<Patch>
  <Operation Class="PatchOperationAddModExtension">
    <xpath>Defs/WorkGiverDef[defName="DoBillsMakeWeapons"]</xpath>
    <value>
      <li Class="LifeLessons.BillProficiencyExtension">
        <requirements>
          <li>Smithing</li>
        </requirements>
        <unqualifiedPenalty>
          <qualityCap>Poor</qualityCap>
        </unqualifiedPenalty>
        <hardRequirement>False</hardRequirement>
      </li>
    </value>
  </Operation>
</Patch>