﻿<?xml version="1.0" encoding="utf-8" ?>
<Defs>
	<ThingDef ParentName="BaseGun_LongBarreled">
		<defName>AF_WheellockBlunderbuss</defName>
		<label>Wheellock blunderbuss, .62 caliber</label>
		<description>A short-barreled shotgun with a muzzle that widens from back to front; the muzzle is 1.25 caliber. This doesn’t much affect performance, but very intimidation against anyone it’s pointed at! \nCaliber: .62</description>
		<graphicData>
			<texPath>Things/Weapons/AFWheellockBlunderbuss</texPath>
			<graphicClass>Graphic_Single</graphicClass>
		</graphicData>
		<soundInteract>Interact_Shotgun</soundInteract>
		<thingCategories>
			<li>BlackPowderGun</li>
		</thingCategories>
		<weaponTags>
			<li>Rifles</li>
		</weaponTags>
		<statBases>
      <MarketValue>150</MarketValue>
      <SightsEfficiency>0.8</SightsEfficiency>
      <ShotSpread>0.45</ShotSpread>
      <SwayFactor>1.39</SwayFactor>
      <RangedWeapon_Cooldown>0.88</RangedWeapon_Cooldown>
      <Bulk>8.5</Bulk>
      <Mass>5.4</Mass>
      <WorkToMake>9500</WorkToMake>
		</statBases>
		<verbs>
			<li Class="CombatExtended.VerbPropertiesCE">
        <verbClass>CombatExtended.Verb_ShootCE</verbClass>
        <hasStandardCommand>true</hasStandardCommand>
        <defaultProjectile>Bullet_62Blunderbuss_Buck</defaultProjectile>
        <recoilAmount>2.35</recoilAmount>
        <warmupTime>0.6</warmupTime>
        <range>12</range>
        <soundCast>BrownBess</soundCast>
        <soundCastTail>GunTail_Heavy</soundCastTail>
        <muzzleFlashScale>15</muzzleFlashScale>
			</li>
		</verbs>
		<comps>
			<li Class="CombatExtended.CompProperties_FireModes">
				<aiAimMode>AimedShot</aiAimMode>
			</li>
			<li Class="CombatExtended.CompProperties_AmmoUser">
				<magazineSize>1</magazineSize>
				<reloadTime>1.6</reloadTime>
				<ammoSet>AmmoSet_62Blunderbuss</ammoSet>
			</li>
		</comps>
		<modExtensions>
			<li Class="CombatExtended.GunDrawExtension">
				<DrawSize>1.6,1.6</DrawSize>
			</li>
		</modExtensions>
		<smeltProducts>
      <ComponentMedieval>3</ComponentMedieval>
		</smeltProducts>
    
	</ThingDef>
	<RecipeDef ParentName="RangedWeaponRecipeBase">
		<defName>BuildAF_WheellockBlunderbuss</defName>
		<label>Build Wheellock blunderbuss</label>
		<description>Builds a short-barreled shotgun with a muzzle that widens from back to front .\nCaliber: .62 Blunderbuss</description>
		<jobString>Building Wheellock blunderbuss.</jobString>
		<workAmount>11500</workAmount>
		<skillRequirements>
			<Crafting>8</Crafting>
		</skillRequirements>
		<ingredients>
			<li>
				<filter>
					<thingDefs>
						<li>AF_MusketWeaponPart</li>
					</thingDefs>
				</filter>
				<count>2</count>
			</li>
			<li>
				<filter>
					<thingDefs>
            <li>Steel</li>
            <li>Tin</li>
					</thingDefs>
				</filter>
				<count>10</count>
			</li>
			<li>
				<filter>
					<categories>
						<li>SLDBar</li>
					</categories>
				</filter>
				<count>50</count>
			</li>
			<li>
				<filter>
					<categories>
						<li>Woody</li>
					</categories>
				</filter>
				<count>10</count>
			</li>
		</ingredients>
		<products>
      <AF_WheellockBlunderbuss>1</AF_WheellockBlunderbuss>
  </products>
		<fixedIngredientFilter>
			<thingDefs>
				<li>AF_MusketWeaponPart</li>
        <li>Steel</li>
        <li>Tin</li>
			</thingDefs>
			<categories>
				<li>SLDBar</li>
				<li>Woody</li>
			</categories>
		</fixedIngredientFilter>
		<recipeUsers>
			<li>MusketBench</li>
		</recipeUsers>
		<researchPrerequisite>AF_Research_Wheellocks</researchPrerequisite>
		<unfinishedThingDef>UnfinishedGun</unfinishedThingDef>
	</RecipeDef>
</Defs>