﻿<?xml version="1.0" encoding="utf-8"?>
<Patch>
  <Operation Class="PatchOperationAddModExtension">
    <xpath>Defs/RecipeDef[defName="BuildGun_Glock17Gun"]</xpath>
    <value>
      <li Class="LifeLessons.BillProficiencyExtension">
        <requirements>
          <li>AdvancedFabrication</li>
          <li>Mechanics</li>
        </requirements>
        <unqualifiedPenalty>
          <qualityCap>Poor</qualityCap>
        </unqualifiedPenalty>
        <hardRequirement>False</hardRequirement>
      </li>
    </value>
  </Operation>
  <Operation Class="PatchOperationAddModExtension">
    <xpath>Defs/RecipeDef[defName="BuildGun_HK417Gun"]</xpath>
    <value>
      <li Class="LifeLessons.BillProficiencyExtension">
        <requirements>
          <li>Mechanics</li>
          <li>Labourer</li>
          <li>AdvancedFabrication</li>
        </requirements>
        <unqualifiedPenalty>
          <qualityCap>Poor</qualityCap>
        </unqualifiedPenalty>
        <hardRequirement>False</hardRequirement>
      </li>
    </value>
  </Operation>
</Patch>