﻿<?xml version="1.0" encoding="utf-8"?>
<Patch>
  <Operation Class="PatchOperationAddModExtension">
    <xpath>Defs/ResearchProjectDef[defName="AF_Research_EarlyExperiments"]</xpath>
    <value>
      <li Class="LifeLessons.ResearchProficiencyExtension">
        <requirements>
          <li>BasicMathematics</li>
          <li>Chemistry</li>
          <li>Geology</li>
          <li>ReadingWriting</li>
        </requirements>
        <hardRequirement>True</hardRequirement>
      </li>
    </value>
  </Operation>
  <Operation Class="PatchOperationAddModExtension">
    <xpath>Defs/ResearchProjectDef[defName="AF_Research_Matchlocks"]</xpath>
    <value>
      <li Class="LifeLessons.ResearchProficiencyExtension">
        <requirements>
          <li>Chemistry</li>
          <li>BasicMathematics</li>
          <li>Mechanics</li>
        </requirements>
        <rewards />
        <hardRequirement>True</hardRequirement>
      </li>
    </value>
  </Operation>
  <Operation Class="PatchOperationAddModExtension">
    <xpath>Defs/ResearchProjectDef[defName="AF_Research_Wheellocks"]</xpath>
    <value>
      <li Class="LifeLessons.ResearchProficiencyExtension">
        <requirements>
          <li>BasicMathematics</li>
          <li>Chemistry</li>
          <li>Geology</li>
          <li>BasicScience</li>
        </requirements>
        <hardRequirement>True</hardRequirement>
      </li>
    </value>
  </Operation>
  <Operation Class="PatchOperationAddModExtension">
    <xpath>Defs/ResearchProjectDef[defName="AF_Research_WheellockRifles"]</xpath>
    <value>
      <li Class="LifeLessons.ResearchProficiencyExtension">
        <requirements>
          <li>Engineering</li>
          <li>Smithing</li>
        </requirements>
        <hardRequirement>True</hardRequirement>
      </li>
    </value>
  </Operation>
  <Operation Class="PatchOperationAddModExtension">
    <xpath>Defs/ResearchProjectDef[defName="AF_Research_MusketAttachments"]</xpath>
    <value>
      <li Class="LifeLessons.ResearchProficiencyExtension">
        <requirements>
          <li>Smithing</li>
          <li>Artisan</li>
          <li>Engineering</li>
          <li>AdvancedMathematics</li>
        </requirements>
        <hardRequirement>True</hardRequirement>
      </li>
    </value>
  </Operation>
  <Operation Class="PatchOperationAddModExtension">
    <xpath>Defs/ResearchProjectDef[defName="AF_Research_AdvancedFlintlocks"]</xpath>
    <value>
      <li Class="LifeLessons.ResearchProficiencyExtension">
        <requirements>
          <li>Engineering</li>
          <li>Geology</li>
        </requirements>
        <hardRequirement>True</hardRequirement>
      </li>
    </value>
  </Operation>
  <Operation Class="PatchOperationAddModExtension">
    <xpath>Defs/ResearchProjectDef[defName="AF_Research_SurvivalWeapons"]</xpath>
    <value>
      <li Class="LifeLessons.ResearchProficiencyExtension">
        <requirements>
          <li>BasicFabrication</li>
        </requirements>
        <hardRequirement>True</hardRequirement>
      </li>
    </value>
  </Operation>
  <Operation Class="PatchOperationAddModExtension">
    <xpath>Defs/ResearchProjectDef[defName="AF_Research_Caplocks"]</xpath>
    <value>
      <li Class="LifeLessons.ResearchProficiencyExtension">
        <requirements>
          <li>Mineralogy</li>
          <li>AdvancedGeology</li>
          <li>Engineering</li>
        </requirements>
        <hardRequirement>True</hardRequirement>
      </li>
    </value>
  </Operation>
  <Operation Class="PatchOperationAddModExtension">
    <xpath>Defs/ResearchProjectDef[defName="AF_Research_MetallicCartridges"]</xpath>
    <value>
      <li Class="LifeLessons.ResearchProficiencyExtension">
        <requirements>
          <li>Smithing</li>
          <li>Engineering</li>
          <li>AdvancedMathematics</li>
          <li>Chemistry</li>
        </requirements>
        <hardRequirement>True</hardRequirement>
      </li>
    </value>
  </Operation>
  <Operation Class="PatchOperationAddModExtension">
    <xpath>Defs/ResearchProjectDef[defName="AF_Research_CaplockConversions"]</xpath>
    <value>
      <li Class="LifeLessons.ResearchProficiencyExtension">
        <requirements>
          <li>Engineering</li>
          <li>BasicFabrication</li>
        </requirements>
        <hardRequirement>True</hardRequirement>
      </li>
    </value>
  </Operation>
  <Operation Class="PatchOperationAddModExtension">
    <xpath>Defs/ResearchProjectDef[defName="AF_Research_RepeatingMechanisms"]</xpath>
    <value>
      <li Class="LifeLessons.ResearchProficiencyExtension">
        <requirements>
          <li>Engineering</li>
          <li>Mechanics</li>
        </requirements>
        <hardRequirement>True</hardRequirement>
      </li>
    </value>
  </Operation>
  <Operation Class="PatchOperationAddModExtension">
    <xpath>Defs/ResearchProjectDef[defName="AF_Research_AdvancedRepeaters"]</xpath>
    <value>
      <li Class="LifeLessons.ResearchProficiencyExtension">
        <requirements>
          <li>Engineering</li>
          <li>Mechanics</li>
        </requirements>
        <hardRequirement>True</hardRequirement>
      </li>
    </value>
  </Operation>
  <Operation Class="PatchOperationAddModExtension">
    <xpath>Defs/ResearchProjectDef[defName="AF_Research_AdvancedBreechloaders"]</xpath>
    <value>
      <li Class="LifeLessons.ResearchProficiencyExtension">
        <requirements>
          <li>Engineering</li>
          <li>Mechanics</li>
          <li>AdvancedMathematics</li>
        </requirements>
        <hardRequirement>True</hardRequirement>
      </li>
    </value>
  </Operation>
</Patch>