﻿<?xml version="1.0" encoding="utf-8" ?>
<Defs>
  <ThingDef Name="AF_BaseBlackPowderBullet" ParentName="SK_BaseBullet" Abstract="true">
    <comps>
      <li Class="CombatExtended.CompProperties_ProjectileFleck">
        <FleckDatas>
          <li>
            <startDelayTick>0</startDelayTick>
            <fleck>Fleck_CEBlackpowderSmokeShort</fleck>
            <emissionsPerTick>4</emissionsPerTick>
            <flecksPerEmission>1</flecksPerEmission>
            <cutoffTickRange>3~3</cutoffTickRange>
            <scale>2.0~2.5</scale>
          </li>
        </FleckDatas>
      </li>
    </comps>
  </ThingDef>
</Defs>