﻿<?xml version="1.0" encoding="utf-8" ?>
<Defs>

	<ThingCategoryDef>
		<defName>Ammo87Gonne</defName>
		<label>.87 Gonne Ball</label>
		<parent>AmmoMusket</parent>
		<iconPath>UI/Icons/ThingCategories/CaliberRifle</iconPath>
	</ThingCategoryDef>
	
	<!-- ==================== AmmoSet ========================== -->

	<CombatExtended.AmmoSetDef>
		<defName>AmmoSet_87Gonne</defName>
		<label>.87 Gonne Ball</label>
		<ammoTypes>
			<Ammo_87Gonne_Lead>Bullet_87Gonne_Lead</Ammo_87Gonne_Lead>
			<Ammo_87Gonne_Buck>Bullet_87Gonne_Buck</Ammo_87Gonne_Buck>
      <Ammo_87Gonne_Emp>Bullet_87Gonne_Emp</Ammo_87Gonne_Emp>
      <Ammo_87Gonne_Bolt>Bullet_87Gonne_Bolt</Ammo_87Gonne_Bolt>
    </ammoTypes>
	</CombatExtended.AmmoSetDef>

	<!-- ==================== Ammo ========================== -->

	<ThingDef Class="CombatExtended.AmmoDef" Name="87GonneBase" ParentName="SmallAmmoBase" Abstract="True">
		<description>Round bullet with powder, wrapped in paper.</description>
		<statBases>
			<Mass>0.077</Mass>
			<Bulk>0.03</Bulk>
		</statBases>
		<tradeTags>
			<li>CE_AutoEnableTrade</li>
			<li>CE_AutoEnableCrafting</li>
		</tradeTags>
		<thingCategories>
			<li>Ammo87Gonne</li>
		</thingCategories>
		<comps>
			<li Class="CompProperties_Explosive">
				<explosiveRadius>0.45</explosiveRadius>
				<explosiveDamageType>Flame</explosiveDamageType>
				<explosiveExpandPerStackcount>0.01</explosiveExpandPerStackcount>
				<startWickHitPointsPercent>0.333</startWickHitPointsPercent>
				<wickTicks>
					<min>5</min>
					<max>10</max>
				</wickTicks>
			</li>
		</comps>
	</ThingDef>

	<ThingDef Class="CombatExtended.AmmoDef" ParentName="87GonneBase">
		<defName>Ammo_87Gonne_Lead</defName>
		<label>.87 Gonne Ball</label>
		<graphicData>
			<texPath>Things/Ammo/Medieval/Blunderbuss/Paper</texPath>
			<graphicClass>Graphic_StackCount</graphicClass>
		</graphicData>
		<statBases>
			<MarketValue>0.2</MarketValue>
		</statBases>
		<ammoClass>LeadBall</ammoClass>
		<cookOffProjectile>Bullet_87Gonne_Lead</cookOffProjectile>
	</ThingDef>
	
	<ThingDef Class="CombatExtended.AmmoDef" ParentName="87GonneBase">
		<defName>Ammo_87Gonne_Buck</defName>
		<label>.87 Gonne Buck and Ball</label>
		<graphicData>
      <texPath>Things/Ammo/Medieval/Blunderbuss/Paper</texPath>
			<graphicClass>Graphic_StackCount</graphicClass>
		</graphicData>
		<statBases>
			<MarketValue>0.2</MarketValue>
		</statBases>
		<ammoClass>BuckandBall</ammoClass>
		<cookOffProjectile>Bullet_87Gonne_Lead</cookOffProjectile>
	</ThingDef>

  <ThingDef Class="CombatExtended.AmmoDef" ParentName="87GonneBase">
    <defName>Ammo_87Gonne_Emp</defName>
    <label>.87 Gonne "high-tech"</label>
    <graphicData>
      <texPath>Things/Ammo/Medieval/Blunderbuss/Paper</texPath>
      <graphicClass>Graphic_StackCount</graphicClass>
    </graphicData>
    <statBases>
      <MarketValue>0.2</MarketValue>
    </statBases>
    <ammoClass>GrenadeEMP</ammoClass>
    <cookOffProjectile>Bullet_87Gonne_Lead</cookOffProjectile>
  </ThingDef>

  <ThingDef Class="CombatExtended.AmmoDef" ParentName="87GonneBase">
    <defName>Ammo_87Gonne_Bolt</defName>
    <label>.87 Gonne "bolt"</label>
    <graphicData>
      <texPath>Things/Ammunition/LightBolt</texPath>
      <graphicClass>Graphic_StackCount</graphicClass>
    </graphicData>
    <statBases>
      <MarketValue>0.2</MarketValue>
    </statBases>
    <ammoClass>MetallicArrow</ammoClass>
    <cookOffProjectile>Bullet_87Gonne_Bolt</cookOffProjectile>
  </ThingDef>
  
	<!-- ================== Projectiles ================== -->

	<ThingDef Class="CombatExtended.AmmoDef" Name="Base87GonneBullet" ParentName="SK_BaseBullet" Abstract="true">
		<graphicData>
			<texPath>Things/Projectile/Bullet_Small</texPath>
			<graphicClass>Graphic_Single</graphicClass>
		</graphicData>
		<projectile Class="CombatExtended.ProjectilePropertiesCE">
			<damageDef>Bullet</damageDef>
			<speed>98</speed>
			<dropsCasings>False</dropsCasings>
		</projectile>
	</ThingDef>

	<ThingDef Class="CombatExtended.AmmoDef" ParentName="Base87GonneBullet">
		<defName>Bullet_87Gonne_Lead</defName>
		<label>.87 Gonne Ball (Lead)</label>
		<projectile Class="CombatExtended.ProjectilePropertiesCE">
			<damageAmountBase>15</damageAmountBase>
			<!-- <armorPenetrationBase>0.53</armorPenetrationBase> -->
			<armorPenetrationSharp>5.5</armorPenetrationSharp>
			<armorPenetrationBlunt>75</armorPenetrationBlunt>
		</projectile>
	</ThingDef>
	
	<ThingDef Class="CombatExtended.AmmoDef" ParentName="Base87GonneBullet">
		<defName>Bullet_87Gonne_Buck</defName>
		<label>.87 Gonne Buck and Ball</label>
		<projectile Class="CombatExtended.ProjectilePropertiesCE">
			<damageAmountBase>5</damageAmountBase>
			<pelletCount>6</pelletCount>
			<!-- <armorPenetrationBase>0.30</armorPenetrationBase> -->
			<armorPenetrationSharp>3.5</armorPenetrationSharp>
			<armorPenetrationBlunt>12.5</armorPenetrationBlunt>
			<spreadMult>8.8</spreadMult>
		</projectile>
	</ThingDef>

  <ThingDef Class="CombatExtended.AmmoDef" ParentName="Base87GonneBullet">
    <defName>Bullet_87Gonne_Emp</defName>
    <label>.87 Gonne Buck and Ball</label>
    <projectile Class="CombatExtended.ProjectilePropertiesCE">
      <damageAmountBase>7</damageAmountBase>
      <damageDef>EMP</damageDef>
      <!-- <armorPenetrationBase>0.37</armorPenetrationBase> -->
      <armorPenetrationSharp>9.4</armorPenetrationSharp>
      <armorPenetrationBlunt>36.6</armorPenetrationBlunt>
    </projectile>
  </ThingDef>

  <ThingDef Class="CombatExtended.AmmoDef" ParentName="Base87GonneBullet">
    <defName>Bullet_87Gonne_Bolt</defName>
    <label>.87 Gonne "Bolt"</label>
    <projectile Class="CombatExtended.ProjectilePropertiesCE">
      <damageAmountBase>12</damageAmountBase>
      <!-- <armorPenetrationBase>0.37</armorPenetrationBase> -->
      <armorPenetrationBlunt>5.1</armorPenetrationBlunt>
      <armorPenetrationSharp>9</armorPenetrationSharp>
      <preExplosionSpawnChance>0.6</preExplosionSpawnChance>
      <preExplosionSpawnThingDef>Ammo_Bolt_Light_Metallic</preExplosionSpawnThingDef>
    </projectile>
  </ThingDef>

  <!-- ==================== Recipes ========================== -->

  <!-- BALL FORGE-->
	<RecipeDef ParentName="AmmoRecipeBlackPowderBase">
		<defName>MakeAmmo_87Gonne_Lead</defName>
		<label>make .87 Gonne Ball x25</label>
		<description>Craft 25 .87 Gonne Ball rounds, and measure out powder charge.</description>
		<jobString>Making .87 Gonne Ball rounds.</jobString>
		<workAmount>450</workAmount>
		<ingredients>
			<li>
				<filter>
					<thingDefs>
						<li>LeadBar</li>
					</thingDefs>
				</filter>
				<count>6</count>
			</li>
			<li>
				<filter>
					<thingDefs>
            <li>Powder</li>
            <li>SerpentinePowder</li>
					</thingDefs>
				</filter>
				<count>1</count>
			</li>
		</ingredients>
		<fixedIngredientFilter>
			<categories>
				<li>HeavyBar</li>
			</categories>
			<thingDefs>
        <li>Powder</li>
        <li>SerpentinePowder</li>
			</thingDefs>
		</fixedIngredientFilter>
		<products>
			<Ammo_87Gonne_Lead>25</Ammo_87Gonne_Lead>
		</products>
		<skillRequirements>
			<Crafting>1</Crafting>
		</skillRequirements>
		<workSkill>Crafting</workSkill>
		<workSkillLearnFactor>0.8</workSkillLearnFactor>
		<researchPrerequisite>PreMuskets_B1</researchPrerequisite> <!-- Smithing -->
	</RecipeDef>
	
	<!-- BUCK AND BALL FORGE-->
	<RecipeDef ParentName="AmmoRecipeBlackPowderBase">
		<defName>MakeAmmo_87Gonne_Buck</defName>
		<label>make .87 Gonne Buck and Ball x25</label>
		<description>Craft 25 .87 Gonne Buck and Ball rounds.</description>
		<jobString>Making .87 Gonne Buck and Ball rounds.</jobString>
		<workAmount>450</workAmount>
		<ingredients>
			<li>
				<filter>
					<categories>
						<li>SLDBar</li>
						<li>USLDBar</li>
					</categories>
				</filter>
				<count>6</count>
			</li>
			<li>
				<filter>
					<thingDefs>
            <li>Powder</li>
            <li>SerpentinePowder</li>
					</thingDefs>
				</filter>
				<count>1</count>
			</li>
		</ingredients>
		<fixedIngredientFilter>
			<thingDefs>
        <li>Powder</li>
        <li>SerpentinePowder</li>
			</thingDefs>
			<categories>
				<li>SLDBar</li>
				<li>USLDBar</li>
			</categories>
		</fixedIngredientFilter>
		<products>
			<Ammo_87Gonne_Buck>25</Ammo_87Gonne_Buck>
		</products>
		<skillRequirements>
			<Crafting>1</Crafting>
		</skillRequirements>
		<workSkill>Crafting</workSkill>
		<workSkillLearnFactor>0.8</workSkillLearnFactor>
		<researchPrerequisite>PreMuskets_B1</researchPrerequisite> <!-- Smithing -->
	</RecipeDef>

  <!-- EMP -->
  <RecipeDef ParentName="AmmoRecipeBlackPowderBase">
    <defName>MakeAmmo_87Gonne_Emp</defName>
    <label>make .87 Gonne EMP x3</label>
    <description>Craft 3 .87 Gonne EMP.</description>
    <jobString>Making .87 Gonne EMP.</jobString>
    <workAmount>450</workAmount>
    <ingredients>
      <li>
        <filter>
          <thingDefs>
            <li>Ammo_12Gauge_ElectroSlug</li>
          </thingDefs>
        </filter>
        <count>3</count>
      </li>
      <li>
        <filter>
          <thingDefs>
            <li>Powder</li>
            <li>SerpentinePowder</li>
          </thingDefs>
        </filter>
        <count>1</count>
      </li>
    </ingredients>
    <fixedIngredientFilter>
      <thingDefs>
        <li>Powder</li>
        <li>SerpentinePowder</li>
        <li>Ammo_12Gauge_ElectroSlug</li>
      </thingDefs>
    </fixedIngredientFilter>
    <products>
      <Ammo_87Gonne_Emp>3</Ammo_87Gonne_Emp>
    </products>
    <skillRequirements>
      <Crafting>8</Crafting>
    </skillRequirements>
    <workSkill>Crafting</workSkill>
    <workSkillLearnFactor>0.8</workSkillLearnFactor>
    <researchPrerequisite>PreMuskets_B1</researchPrerequisite>
    <!-- Smithing -->
  </RecipeDef>

  <!-- BOLT -->
  <RecipeDef ParentName="AmmoRecipeBlackPowderBase">
    <defName>MakeAmmo_87Gonne_Bolt</defName>
    <label>make .87 Gonne Bolt x25</label>
    <description>Craft 25 .87 Gonne Bolts, and measure out powder charge.</description>
    <jobString>Making .87 Gonne Bolts.</jobString>
    <workAmount>300</workAmount>
    <ingredients>
      <li>
        <filter>
          <thingDefs>
            <li>Ammo_Bolt_Light_Metallic</li>
          </thingDefs>
        </filter>
        <count>25</count>
      </li>
      <li>
        <filter>
          <thingDefs>
            <li>Powder</li>
            <li>SerpentinePowder</li>
          </thingDefs>
        </filter>
        <count>2</count>
      </li>
    </ingredients>
    <fixedIngredientFilter>
      <thingDefs>
        <li>Ammo_Bolt_Light_Metallic</li>
        <li>Powder</li>
        <li>SerpentinePowder</li>
      </thingDefs>
    </fixedIngredientFilter>
    <products>
      <Ammo_87Gonne_Bolt>25</Ammo_87Gonne_Bolt>
    </products>
    <skillRequirements>
      <Crafting>1</Crafting>
    </skillRequirements>
    <workSkill>Crafting</workSkill>
    <workSkillLearnFactor>0.8</workSkillLearnFactor>
    <researchPrerequisite>PreMuskets_B1</researchPrerequisite>
    <!-- Smithing -->
  </RecipeDef>
  
</Defs>
