﻿<?xml version="1.0" encoding="utf-8" ?>
<Defs>
  <ThingDef ParentName="BaseGun_ShortBarreled">
    <defName>AF_Tantsutsu</defName>
    <label>Tantsutsu</label>
    <description>Tantsutsu are made as presentation weapons \nCaliber: .70</description>
    <graphicData>
      <texPath>Things/Weapons/AFTantsutsu</texPath>
      <graphicClass>Graphic_Single</graphicClass>
    </graphicData>
    <soundInteract>BPInteract</soundInteract>
    <statBases>
      <MarketValue>610</MarketValue>
      <SightsEfficiency>0.5</SightsEfficiency>
      <ShotSpread>0.45</ShotSpread>
      <SwayFactor>1.54</SwayFactor>
      <RangedWeapon_Cooldown>0.87</RangedWeapon_Cooldown>
      <Bulk>13.4</Bulk>
      <Mass>2.04</Mass>
      <WorkToMake>8000</WorkToMake>
      <Beauty>5</Beauty>
      <MaxHitPoints>30</MaxHitPoints>
      <SellPriceFactor>0.6</SellPriceFactor>
    </statBases>
    <weaponTags>
      <li>BlackPowderGun</li>
    </weaponTags>
    <thingCategories>
      <li>Pistols</li>
    </thingCategories>
    <verbs>
      <li Class="CombatExtended.VerbPropertiesCE">
        <verbClass>CombatExtended.Verb_ShootCE</verbClass>
        <hasStandardCommand>true</hasStandardCommand>
        <defaultProjectile>Bullet_70Caliber_Lead</defaultProjectile>
        <warmupTime>0.6</warmupTime>
        <range>11</range>
        <recoilAmount>1.99</recoilAmount>
        <soundCast>Pistolet</soundCast>
        <soundCastTail>GunTail_Heavy</soundCastTail>
        <muzzleFlashScale>12</muzzleFlashScale>
      </li>
    </verbs>
    <comps>
      <li Class="CombatExtended.CompProperties_FireModes">
        <aiAimMode>Snapshot</aiAimMode>
      </li>
      <li Class="CombatExtended.CompProperties_AmmoUser">
        <magazineSize>1</magazineSize>
        <reloadTime>4</reloadTime>
        <ammoSet>AmmoSet_70Caliber</ammoSet>
      </li>
    </comps>
    <smeltProducts Inherit="false">
      <ComponentMedieval>1</ComponentMedieval>
    </smeltProducts>
    
  </ThingDef>
  <!-- RECIPE -->
  <RecipeDef ParentName="RangedWeaponRecipeBase">
    <defName>BuildGun_AF_Tantsutsu</defName>
    <label>Build Tantsutsu</label>
    <description>Tantsutsu.</description>
    <jobString>Building Tantsutsu pistol.</jobString>
    <workAmount>5500</workAmount>
    <skillRequirements>
      <Crafting>8</Crafting>
      <Artistic>8</Artistic>
    </skillRequirements>
    <ingredients>
      <li>
        <filter>
          <thingDefs>
            <li>ComponentMedieval</li>
          </thingDefs>
        </filter>
        <count>1</count>
      </li>
      <li>
        <filter>
          <thingDefs>
            <li>RushlightFuel</li>
            <li>CandleFuel</li>
          </thingDefs>
        </filter>
        <count>10</count>
      </li>
      <li>
        <filter>
          <categories>
            <li>SLDBar</li>
          </categories>
        </filter>
        <count>55</count>
      </li>
      <li>
        <filter>
          <categories>
            <li>Woody</li>
          </categories>
        </filter>
        <count>10</count>
      </li>
    </ingredients>
    <products>
      <AF_Tantsutsu>1</AF_Tantsutsu>
    </products>
    <fixedIngredientFilter>
      <thingDefs>
        <li>ComponentMedieval</li>
        <li>RushlightFuel</li>
        <li>CandleFuel</li>
      </thingDefs>
      <categories>
        <li>SLDBar</li>
        <li>Woody</li>
      </categories>
    </fixedIngredientFilter>
    <recipeUsers>
      <li>MusketBench</li>
    </recipeUsers>
    <researchPrerequisite>AF_Matchlocks</researchPrerequisite>
    <unfinishedThingDef>UnfinishedGun</unfinishedThingDef>
  </RecipeDef>
</Defs>
