﻿<?xml version="1.0" encoding="utf-8"?>
<Patch>
  <Operation Class="PatchOperationFindMod">
    <mods>
      <li>Core SK</li>
      <li>RW - Weapon Modularization</li>
    </mods>
    <match Class="PatchOperationSequence">
      <success>Always</success>
      <operations>
        <li Class="XmlExtensions.PatchOperationAddOrReplace">
          <xpath>*/ThingDef[defName="MusketBench"]/comps</xpath>
          <checkAttributes>true</checkAttributes>
          <value>
            <li Class="RW_ModularizationWeapon.CompProperties_CustomWeaponPort">
              <filter>
                <thingDefs>
                  <li>AF_Arquebus</li>
                  <li>AF_Caliver</li>
                  <li>AF_MathclockBlunderbuss</li>
                  <li>AF_Musket</li>
                  <li>AF_Teppo</li>
                  <li>AF_Carbine</li>
                  <li>AF_WheellockBlunderbuss</li>
                  <li>AF_BreechloadingCarbine</li>
                  <li>AF_JagerRifle</li>
                  <li>AF_FlintlockBlunderbuss</li>
                  <li>AF_FowlingPieceSingle</li>
                  <li>AF_FowlingPieceDouble</li>
                  <li>AF_FlintlockCarbine</li>
                  <li>AF_FlintlockFusil</li>
                  <li>AF_BakerRifle</li>
                </thingDefs>
              </filter>
            </li>
          </value>
        </li>
        <li Class="XmlExtensions.PatchOperationAddOrReplace">
          <xpath>*/ThingDef[defName="AF_BakerRifle"]/comps</xpath>
          <checkAttributes>true</checkAttributes>
          <value>
            <li Class="RW_NodeTree.CompProperties_ChildNodeProccesser">
              <TextureSizeFactor>512</TextureSizeFactor>
              <TextureFilterMode>Point</TextureFilterMode>
              <ExceedanceFactor>2</ExceedanceFactor>
              <ExceedanceOffset>1</ExceedanceOffset>
            </li>
            <li Class="RW_ModularizationWeapon.CompProperties_ModularizationWeapon">
              <attachmentProperties>
                <li>
                  <id>foregrip</id>
                  <name>foregrip Part</name>
                  <UITexPath>Things/WeaponPart/AF_Empty</UITexPath>
                  <position>(0,0.1,0)</position>
                  <rotation>(0,0,0)</rotation>
                  <scale>(1,1,1)</scale>
                  <allowEmpty>true</allowEmpty>
                  <positionInPixelSize>false</positionInPixelSize>
                  <filter>
                    <thingDefs>
                      <li>AF_WoodenPistolForegrip</li>
                    </thingDefs>
                  </filter>
                </li>
                <li>
                  <id>sight</id>
                  <name>sight Part</name>
                  <UITexPath>Things/WeaponPart/AF_Empty</UITexPath>
                  <position>(0,0.1,0)</position>
                  <rotation>(0,0,0)</rotation>
                  <scale>(1,1,1)</scale>
                  <allowEmpty>true</allowEmpty>
                  <positionInPixelSize>false</positionInPixelSize>
                  <filter>
                    <thingDefs>
                      <li>AF_MusketBasicSight</li>
                      <li>AF_MusketImprovedSight</li>
                      <li>AF_MusketSharpshooterSight</li>
                    </thingDefs>
                  </filter>
                </li>
                <li>
                  <id>bayonet</id>
                  <name>bayonet lug</name>
                  <UITexPath>Things/WeaponPart/AF_Empty</UITexPath>
                  <position>(75,0.-1,0)</position>
                  <rotation>(0,0,0)</rotation>
                  <scale>(1,1,1)</scale>
                  <allowEmpty>true</allowEmpty>
                  <positionInPixelSize>true</positionInPixelSize>
                  <notUseTools>false</notUseTools>
                  <filter>
                    <thingDefs>
                      <li>AF_MusketBayonet</li>
                    </thingDefs>
                  </filter>
                </li>
                <li>
                  <id>sling</id>
                  <name>sling attach points</name>
                  <UITexPath>Things/WeaponPart/AF_Empty</UITexPath>
                  <position>(45,0.0,0)</position>
                  <rotation>(0,0,0)</rotation>
                  <scale>(1,1,1)</scale>
                  <allowEmpty>true</allowEmpty>
                  <positionInPixelSize>true</positionInPixelSize>
                  <filter>
                    <thingDefs>
                      <li>AF_LeatherSling</li>
                      <li>AF_TextileSling</li>
                    </thingDefs>
                  </filter>
                </li>
              </attachmentProperties>
            </li>
          </value>
        </li>
        <li Class="XmlExtensions.PatchOperationAddOrReplace">
          <xpath>*/ThingDef[defName="AF_Arquebus"]/comps</xpath>
          <checkAttributes>true</checkAttributes>
          <value>
            <li Class="RW_NodeTree.CompProperties_ChildNodeProccesser">
              <TextureSizeFactor>512</TextureSizeFactor>
              <TextureFilterMode>Point</TextureFilterMode>
              <ExceedanceFactor>2</ExceedanceFactor>
              <ExceedanceOffset>1</ExceedanceOffset>
            </li>
            <li Class="RW_ModularizationWeapon.CompProperties_ModularizationWeapon">
              <attachmentProperties>
                <li>
                  <id>foregrip</id>
                  <name>foregrip Part</name>
                  <UITexPath>Things/WeaponPart/AF_Empty</UITexPath>
                  <position>(0,0.1,0)</position>
                  <rotation>(0,0,0)</rotation>
                  <scale>(1,1,1)</scale>
                  <allowEmpty>true</allowEmpty>
                  <positionInPixelSize>false</positionInPixelSize>
                  <filter>
                    <thingDefs>
                      <li>AF_WoodenPistolForegrip</li>
                    </thingDefs>
                  </filter>
                </li>
                <li>
                  <id>sight</id>
                  <name>sight Part</name>
                  <UITexPath>Things/WeaponPart/AF_Empty</UITexPath>
                  <position>(0,0.1,0)</position>
                  <rotation>(0,0,0)</rotation>
                  <scale>(1,1,1)</scale>
                  <allowEmpty>true</allowEmpty>
                  <positionInPixelSize>false</positionInPixelSize>
                  <filter>
                    <thingDefs>
                      <li>AF_MusketBasicSight</li>
                      <li>AF_MusketImprovedSight</li>
                      <li>AF_MusketSharpshooterSight</li>
                    </thingDefs>
                  </filter>
                </li>
                <li>
                  <id>bayonet</id>
                  <name>bayonet lug</name>
                  <UITexPath>Things/WeaponPart/AF_Empty</UITexPath>
                  <position>(75,0.-1,0)</position>
                  <rotation>(0,0,0)</rotation>
                  <scale>(1,1,1)</scale>
                  <allowEmpty>true</allowEmpty>
                  <positionInPixelSize>true</positionInPixelSize>
                  <notUseTools>false</notUseTools>
                  <filter>
                    <thingDefs>
                      <li>AF_MusketBayonet</li>
                    </thingDefs>
                  </filter>
                </li>
                <li>
                  <id>sling</id>
                  <name>sling attach points</name>
                  <UITexPath>Things/WeaponPart/AF_Empty</UITexPath>
                  <position>(45,0.0,0)</position>
                  <rotation>(0,0,0)</rotation>
                  <scale>(1,1,1)</scale>
                  <allowEmpty>true</allowEmpty>
                  <positionInPixelSize>true</positionInPixelSize>
                  <filter>
                    <thingDefs>
                      <li>AF_LeatherSling</li>
                      <li>AF_TextileSling</li>
                    </thingDefs>
                  </filter>
                </li>
              </attachmentProperties>
            </li>
          </value>
        </li>
        <li Class="XmlExtensions.PatchOperationAddOrReplace">
          <xpath>*/ThingDef[defName="AF_Caliver"]/comps</xpath>
          <checkAttributes>true</checkAttributes>
          <value>
            <li Class="RW_NodeTree.CompProperties_ChildNodeProccesser">
              <TextureSizeFactor>512</TextureSizeFactor>
              <TextureFilterMode>Point</TextureFilterMode>
              <ExceedanceFactor>2</ExceedanceFactor>
              <ExceedanceOffset>1</ExceedanceOffset>
            </li>
            <li Class="RW_ModularizationWeapon.CompProperties_ModularizationWeapon">
              <attachmentProperties>
                <li>
                  <id>foregrip</id>
                  <name>foregrip Part</name>
                  <UITexPath>Things/WeaponPart/AF_Empty</UITexPath>
                  <position>(0,0.1,0)</position>
                  <rotation>(0,0,0)</rotation>
                  <scale>(1,1,1)</scale>
                  <allowEmpty>true</allowEmpty>
                  <positionInPixelSize>false</positionInPixelSize>
                  <filter>
                    <thingDefs>
                      <li>AF_WoodenPistolForegrip</li>
                    </thingDefs>
                  </filter>
                </li>
                <li>
                  <id>sight</id>
                  <name>sight Part</name>
                  <UITexPath>Things/WeaponPart/AF_Empty</UITexPath>
                  <position>(0,0.1,0)</position>
                  <rotation>(0,0,0)</rotation>
                  <scale>(1,1,1)</scale>
                  <allowEmpty>true</allowEmpty>
                  <positionInPixelSize>false</positionInPixelSize>
                  <filter>
                    <thingDefs>
                      <li>AF_MusketBasicSight</li>
                      <li>AF_MusketImprovedSight</li>
                      <li>AF_MusketSharpshooterSight</li>
                    </thingDefs>
                  </filter>
                </li>
                <li>
                  <id>bayonet</id>
                  <name>bayonet lug</name>
                  <UITexPath>Things/WeaponPart/AF_Empty</UITexPath>
                  <position>(118,0.-1,0)</position>
                  <rotation>(0,0,0)</rotation>
                  <scale>(1,1,1)</scale>
                  <allowEmpty>true</allowEmpty>
                  <positionInPixelSize>true</positionInPixelSize>
                  <notUseTools>false</notUseTools>
                  <filter>
                    <thingDefs>
                      <li>AF_MusketBayonet</li>
                    </thingDefs>
                  </filter>
                </li>
                <li>
                  <id>sling</id>
                  <name>sling attach points</name>
                  <UITexPath>Things/WeaponPart/AF_Empty</UITexPath>
                  <position>(0,0.0,0)</position>
                  <rotation>(0,0,0)</rotation>
                  <scale>(1,1,1)</scale>
                  <allowEmpty>true</allowEmpty>
                  <positionInPixelSize>false</positionInPixelSize>
                  <filter>
                    <thingDefs>
                      <li>AF_LeatherSling</li>
                      <li>AF_TextileSling</li>
                    </thingDefs>
                  </filter>
                </li>
              </attachmentProperties>
            </li>
          </value>
        </li>
        <li Class="XmlExtensions.PatchOperationAddOrReplace">
          <xpath>*/ThingDef[defName="AF_MathclockBlunderbuss"]/comps</xpath>
          <checkAttributes>true</checkAttributes>
          <value>
            <li Class="RW_NodeTree.CompProperties_ChildNodeProccesser">
              <TextureSizeFactor>512</TextureSizeFactor>
              <TextureFilterMode>Point</TextureFilterMode>
              <ExceedanceFactor>2</ExceedanceFactor>
              <ExceedanceOffset>1</ExceedanceOffset>
            </li>
            <li Class="RW_ModularizationWeapon.CompProperties_ModularizationWeapon">
              <attachmentProperties>
                <li>
                  <id>foregrip</id>
                  <name>foregrip Part</name>
                  <UITexPath>Things/WeaponPart/AF_Empty</UITexPath>
                  <position>(0,0.1,0)</position>
                  <rotation>(0,0,0)</rotation>
                  <scale>(1,1,1)</scale>
                  <allowEmpty>true</allowEmpty>
                  <positionInPixelSize>false</positionInPixelSize>
                  <filter>
                    <thingDefs>
                      <li>AF_WoodenPistolForegrip</li>
                    </thingDefs>
                  </filter>
                </li>
              </attachmentProperties>
            </li>
          </value>
        </li>
        <li Class="XmlExtensions.PatchOperationAddOrReplace">
          <xpath>*/ThingDef[defName="AF_Musket"]/comps</xpath>
          <checkAttributes>true</checkAttributes>
          <value>
            <li Class="RW_NodeTree.CompProperties_ChildNodeProccesser">
              <TextureSizeFactor>512</TextureSizeFactor>
              <TextureFilterMode>Point</TextureFilterMode>
              <ExceedanceFactor>2</ExceedanceFactor>
              <ExceedanceOffset>1</ExceedanceOffset>
            </li>
            <li Class="RW_ModularizationWeapon.CompProperties_ModularizationWeapon">
              <attachmentProperties>
                <li>
                  <id>foregrip</id>
                  <name>foregrip Part</name>
                  <UITexPath>Things/WeaponPart/AF_Empty</UITexPath>
                  <position>(0,0.1,0)</position>
                  <rotation>(0,0,0)</rotation>
                  <scale>(1,1,1)</scale>
                  <allowEmpty>true</allowEmpty>
                  <positionInPixelSize>false</positionInPixelSize>
                  <filter>
                    <thingDefs>
                      <li>AF_WoodenPistolForegrip</li>
                    </thingDefs>
                  </filter>
                </li>
                <li>
                  <id>sight</id>
                  <name>sight Part</name>
                  <UITexPath>Things/WeaponPart/AF_Empty</UITexPath>
                  <position>(0,0.1,0)</position>
                  <rotation>(0,0,0)</rotation>
                  <scale>(1,1,1)</scale>
                  <allowEmpty>true</allowEmpty>
                  <positionInPixelSize>false</positionInPixelSize>
                  <filter>
                    <thingDefs>
                      <li>AF_MusketBasicSight</li>
                      <li>AF_MusketImprovedSight</li>
                      <li>AF_MusketSharpshooterSight</li>
                    </thingDefs>
                  </filter>
                </li>
                <li>
                  <id>bayonet</id>
                  <name>bayonet lug</name>
                  <UITexPath>Things/WeaponPart/AF_Empty</UITexPath>
                  <position>(125,0.-1,0)</position>
                  <rotation>(0,0,0)</rotation>
                  <scale>(1,1,1)</scale>
                  <allowEmpty>true</allowEmpty>
                  <positionInPixelSize>true</positionInPixelSize>
                  <notUseTools>false</notUseTools>
                  <filter>
                    <thingDefs>
                      <li>AF_MusketBayonet</li>
                    </thingDefs>
                  </filter>
                </li>
                <li>
                  <id>sling</id>
                  <name>sling attach points</name>
                  <UITexPath>Things/WeaponPart/AF_Empty</UITexPath>
                  <position>(15,0.-8,0)</position>
                  <rotation>(0,0,0)</rotation>
                  <scale>(1,1,1)</scale>
                  <allowEmpty>true</allowEmpty>
                  <positionInPixelSize>true</positionInPixelSize>
                  <filter>
                    <thingDefs>
                      <li>AF_LeatherSling</li>
                      <li>AF_TextileSling</li>
                    </thingDefs>
                  </filter>
                </li>
              </attachmentProperties>
            </li>
          </value>
        </li>
        <li Class="XmlExtensions.PatchOperationAddOrReplace">
          <xpath>*/ThingDef[defName="AF_Teppo"]/comps</xpath>
          <checkAttributes>true</checkAttributes>
          <value>
            <li Class="RW_NodeTree.CompProperties_ChildNodeProccesser">
              <TextureSizeFactor>512</TextureSizeFactor>
              <TextureFilterMode>Point</TextureFilterMode>
              <ExceedanceFactor>2</ExceedanceFactor>
              <ExceedanceOffset>1</ExceedanceOffset>
            </li>
            <li Class="RW_ModularizationWeapon.CompProperties_ModularizationWeapon">
              <attachmentProperties>
                <li>
                  <id>foregrip</id>
                  <name>foregrip Part</name>
                  <UITexPath>Things/WeaponPart/AF_Empty</UITexPath>
                  <position>(0,0.1,0)</position>
                  <rotation>(0,0,0)</rotation>
                  <scale>(1,1,1)</scale>
                  <allowEmpty>true</allowEmpty>
                  <positionInPixelSize>false</positionInPixelSize>
                  <filter>
                    <thingDefs>
                      <li>AF_WoodenPistolForegrip</li>
                    </thingDefs>
                  </filter>
                </li>
                <li>
                  <id>sight</id>
                  <name>sight Part</name>
                  <UITexPath>Things/WeaponPart/AF_Empty</UITexPath>
                  <position>(0,0.1,0)</position>
                  <rotation>(0,0,0)</rotation>
                  <scale>(1,1,1)</scale>
                  <allowEmpty>true</allowEmpty>
                  <positionInPixelSize>false</positionInPixelSize>
                  <filter>
                    <thingDefs>
                      <li>AF_MusketBasicSight</li>
                      <li>AF_MusketImprovedSight</li>
                      <li>AF_MusketSharpshooterSight</li>
                    </thingDefs>
                  </filter>
                </li>
                <li>
                  <id>bayonet</id>
                  <name>bayonet lug</name>
                  <UITexPath>Things/WeaponPart/AF_Empty</UITexPath>
                  <position>(56,0.-1,0)</position>
                  <rotation>(0,0,0)</rotation>
                  <scale>(1,1,1)</scale>
                  <allowEmpty>true</allowEmpty>
                  <positionInPixelSize>true</positionInPixelSize>
                  <notUseTools>false</notUseTools>
                  <filter>
                    <thingDefs>
                      <li>AF_MusketBayonet</li>
                    </thingDefs>
                  </filter>
                </li>
                <li>
                  <id>sling</id>
                  <name>sling attach points</name>
                  <UITexPath>Things/WeaponPart/AF_Empty</UITexPath>
                  <position>(27,0.9,0)</position>
                  <rotation>(0,0,0)</rotation>
                  <scale>(1,1,1)</scale>
                  <allowEmpty>true</allowEmpty>
                  <positionInPixelSize>true</positionInPixelSize>
                  <filter>
                    <thingDefs>
                      <li>AF_LeatherSling</li>
                      <li>AF_TextileSling</li>
                    </thingDefs>
                  </filter>
                </li>
              </attachmentProperties>
            </li>
          </value>
        </li>
        <li Class="XmlExtensions.PatchOperationAddOrReplace">
          <xpath>*/ThingDef[defName="AF_Carbine"]/comps</xpath>
          <checkAttributes>true</checkAttributes>
          <value>
            <li Class="RW_NodeTree.CompProperties_ChildNodeProccesser">
              <TextureSizeFactor>512</TextureSizeFactor>
              <TextureFilterMode>Point</TextureFilterMode>
              <ExceedanceFactor>2</ExceedanceFactor>
              <ExceedanceOffset>1</ExceedanceOffset>
            </li>
            <li Class="RW_ModularizationWeapon.CompProperties_ModularizationWeapon">
              <attachmentProperties>
                <li>
                  <id>foregrip</id>
                  <name>foregrip Part</name>
                  <UITexPath>Things/WeaponPart/AF_Empty</UITexPath>
                  <position>(0,0.1,0)</position>
                  <rotation>(0,0,0)</rotation>
                  <scale>(1,1,1)</scale>
                  <allowEmpty>true</allowEmpty>
                  <positionInPixelSize>false</positionInPixelSize>
                  <filter>
                    <thingDefs>
                      <li>AF_WoodenPistolForegrip</li>
                    </thingDefs>
                  </filter>
                </li>
                <li>
                  <id>sight</id>
                  <name>sight Part</name>
                  <UITexPath>Things/WeaponPart/AF_Empty</UITexPath>
                  <position>(0,0.1,0)</position>
                  <rotation>(0,0,0)</rotation>
                  <scale>(1,1,1)</scale>
                  <allowEmpty>true</allowEmpty>
                  <positionInPixelSize>false</positionInPixelSize>
                  <filter>
                    <thingDefs>
                      <li>AF_MusketBasicSight</li>
                      <li>AF_MusketImprovedSight</li>
                      <li>AF_MusketSharpshooterSight</li>
                    </thingDefs>
                  </filter>
                </li>
                <li>
                  <id>bayonet</id>
                  <name>bayonet lug</name>
                  <UITexPath>Things/WeaponPart/AF_Empty</UITexPath>
                  <position>(50,0.-1,0)</position>
                  <rotation>(0,0,0)</rotation>
                  <scale>(1,1,1)</scale>
                  <allowEmpty>true</allowEmpty>
                  <positionInPixelSize>true</positionInPixelSize>
                  <notUseTools>false</notUseTools>
                  <filter>
                    <thingDefs>
                      <li>AF_MusketBayonet</li>
                    </thingDefs>
                  </filter>
                </li>
                <li>
                  <id>sling</id>
                  <name>sling attach points</name>
                  <UITexPath>Things/WeaponPart/AF_Empty</UITexPath>
                  <position>(-9,0.-15,0)</position>
                  <rotation>(0,0,0)</rotation>
                  <scale>(1,1,1)</scale>
                  <allowEmpty>true</allowEmpty>
                  <positionInPixelSize>true</positionInPixelSize>
                  <filter>
                    <thingDefs>
                      <li>AF_LeatherSling</li>
                      <li>AF_TextileSling</li>
                    </thingDefs>
                  </filter>
                </li>
              </attachmentProperties>
            </li>
          </value>
        </li>
        <li Class="XmlExtensions.PatchOperationAddOrReplace">
          <xpath>*/ThingDef[defName="AF_WheellockBlunderbuss"]/comps</xpath>
          <checkAttributes>true</checkAttributes>
          <value>
            <li Class="RW_NodeTree.CompProperties_ChildNodeProccesser">
              <TextureSizeFactor>512</TextureSizeFactor>
              <TextureFilterMode>Point</TextureFilterMode>
              <ExceedanceFactor>2</ExceedanceFactor>
              <ExceedanceOffset>1</ExceedanceOffset>
            </li>
            <li Class="RW_ModularizationWeapon.CompProperties_ModularizationWeapon">
              <attachmentProperties>
                <li>
                  <id>foregrip</id>
                  <name>foregrip Part</name>
                  <UITexPath>Things/WeaponPart/AF_Empty</UITexPath>
                  <position>(0,0.1,0)</position>
                  <rotation>(0,0,0)</rotation>
                  <scale>(1,1,1)</scale>
                  <allowEmpty>true</allowEmpty>
                  <positionInPixelSize>false</positionInPixelSize>
                  <filter>
                    <thingDefs>
                      <li>AF_WoodenPistolForegrip</li>
                    </thingDefs>
                  </filter>
                </li>
                <li>
                  <id>sling</id>
                  <name>sling attach points</name>
                  <UITexPath>Things/WeaponPart/AF_Empty</UITexPath>
                  <position>(-25,0.5,0)</position>
                  <rotation>(0,0,0)</rotation>
                  <scale>(1,1,1)</scale>
                  <allowEmpty>true</allowEmpty>
                  <positionInPixelSize>true</positionInPixelSize>
                  <filter>
                    <thingDefs>
                      <li>AF_LeatherSling</li>
                      <li>AF_TextileSling</li>
                    </thingDefs>
                  </filter>
                </li>
              </attachmentProperties>
            </li>
          </value>
        </li>
        <li Class="XmlExtensions.PatchOperationAddOrReplace">
          <xpath>*/ThingDef[defName="AF_BreechloadingCarbine"]/comps</xpath>
          <checkAttributes>true</checkAttributes>
          <value>
            <li Class="RW_NodeTree.CompProperties_ChildNodeProccesser">
              <TextureSizeFactor>512</TextureSizeFactor>
              <TextureFilterMode>Point</TextureFilterMode>
              <ExceedanceFactor>2</ExceedanceFactor>
              <ExceedanceOffset>1</ExceedanceOffset>
            </li>
            <li Class="RW_ModularizationWeapon.CompProperties_ModularizationWeapon">
              <attachmentProperties>
                <li>
                  <id>foregrip</id>
                  <name>foregrip Part</name>
                  <UITexPath>Things/WeaponPart/AF_Empty</UITexPath>
                  <position>(0,0.1,0)</position>
                  <rotation>(0,0,0)</rotation>
                  <scale>(1,1,1)</scale>
                  <allowEmpty>true</allowEmpty>
                  <positionInPixelSize>false</positionInPixelSize>
                  <filter>
                    <thingDefs>
                      <li>AF_WoodenPistolForegrip</li>
                    </thingDefs>
                  </filter>
                </li>
                <li>
                  <id>sight</id>
                  <name>sight Part</name>
                  <UITexPath>Things/WeaponPart/AF_Empty</UITexPath>
                  <position>(0,0.1,0)</position>
                  <rotation>(0,0,0)</rotation>
                  <scale>(1,1,1)</scale>
                  <allowEmpty>true</allowEmpty>
                  <positionInPixelSize>false</positionInPixelSize>
                  <filter>
                    <thingDefs>
                      <li>AF_MusketBasicSight</li>
                      <li>AF_MusketImprovedSight</li>
                      <li>AF_MusketSharpshooterSight</li>
                    </thingDefs>
                  </filter>
                </li>
                <li>
                  <id>bayonet</id>
                  <name>bayonet lug</name>
                  <UITexPath>Things/WeaponPart/AF_Empty</UITexPath>
                  <position>(80,0.-1,0)</position>
                  <rotation>(0,0,0)</rotation>
                  <scale>(1,1,1)</scale>
                  <allowEmpty>true</allowEmpty>
                  <positionInPixelSize>true</positionInPixelSize>
                  <notUseTools>false</notUseTools>
                  <filter>
                    <thingDefs>
                      <li>AF_MusketBayonet</li>
                    </thingDefs>
                  </filter>
                </li>
                <li>
                  <id>sling</id>
                  <name>sling attach points</name>
                  <UITexPath>Things/WeaponPart/AF_Empty</UITexPath>
                  <position>(14,0.-4,0)</position>
                  <rotation>(0,0,0)</rotation>
                  <scale>(1,1,1)</scale>
                  <allowEmpty>true</allowEmpty>
                  <positionInPixelSize>true</positionInPixelSize>
                  <filter>
                    <thingDefs>
                      <li>AF_LeatherSling</li>
                      <li>AF_TextileSling</li>
                    </thingDefs>
                  </filter>
                </li>
              </attachmentProperties>
            </li>
          </value>
        </li>
        <li Class="XmlExtensions.PatchOperationAddOrReplace">
          <xpath>*/ThingDef[defName="AF_JagerRifle"]/comps</xpath>
          <checkAttributes>true</checkAttributes>
          <value>
            <li Class="RW_NodeTree.CompProperties_ChildNodeProccesser">
              <TextureSizeFactor>512</TextureSizeFactor>
              <TextureFilterMode>Point</TextureFilterMode>
              <ExceedanceFactor>2</ExceedanceFactor>
              <ExceedanceOffset>1</ExceedanceOffset>
            </li>
            <li Class="RW_ModularizationWeapon.CompProperties_ModularizationWeapon">
              <attachmentProperties>
                <li>
                  <id>foregrip</id>
                  <name>foregrip Part</name>
                  <UITexPath>Things/WeaponPart/AF_Empty</UITexPath>
                  <position>(0,0.1,0)</position>
                  <rotation>(0,0,0)</rotation>
                  <scale>(1,1,1)</scale>
                  <allowEmpty>true</allowEmpty>
                  <positionInPixelSize>false</positionInPixelSize>
                  <filter>
                    <thingDefs>
                      <li>AF_WoodenPistolForegrip</li>
                    </thingDefs>
                  </filter>
                </li>
                <li>
                  <id>sight</id>
                  <name>sight Part</name>
                  <UITexPath>Things/WeaponPart/AF_Empty</UITexPath>
                  <position>(0,0.1,0)</position>
                  <rotation>(0,0,0)</rotation>
                  <scale>(1,1,1)</scale>
                  <allowEmpty>true</allowEmpty>
                  <positionInPixelSize>false</positionInPixelSize>
                  <filter>
                    <thingDefs>
                      <li>AF_MusketBasicSight</li>
                      <li>AF_MusketImprovedSight</li>
                      <li>AF_MusketSharpshooterSight</li>
                    </thingDefs>
                  </filter>
                </li>
                <li>
                  <id>bayonet</id>
                  <name>bayonet lug</name>
                  <UITexPath>Things/WeaponPart/AF_Empty</UITexPath>
                  <position>(87,0.-1,0)</position>
                  <rotation>(0,0,0)</rotation>
                  <scale>(1,1,1)</scale>
                  <allowEmpty>true</allowEmpty>
                  <positionInPixelSize>true</positionInPixelSize>
                  <notUseTools>false</notUseTools>
                  <filter>
                    <thingDefs>
                      <li>AF_MusketBayonet</li>
                    </thingDefs>
                  </filter>
                </li>
                <li>
                  <id>sling</id>
                  <name>sling attach points</name>
                  <UITexPath>Things/WeaponPart/AF_Empty</UITexPath>
                  <position>(0,0.0,0)</position>
                  <rotation>(0,0,0)</rotation>
                  <scale>(1,1,1)</scale>
                  <allowEmpty>true</allowEmpty>
                  <positionInPixelSize>false</positionInPixelSize>
                  <filter>
                    <thingDefs>
                      <li>AF_LeatherSling</li>
                      <li>AF_TextileSling</li>
                    </thingDefs>
                  </filter>
                </li>
              </attachmentProperties>
            </li>
          </value>
        </li>
        <li Class="XmlExtensions.PatchOperationAddOrReplace">
          <xpath>*/ThingDef[defName="AF_FowlingPieceSingle"]/comps</xpath>
          <checkAttributes>true</checkAttributes>
          <value>
            <li Class="RW_NodeTree.CompProperties_ChildNodeProccesser">
              <TextureSizeFactor>512</TextureSizeFactor>
              <TextureFilterMode>Point</TextureFilterMode>
              <ExceedanceFactor>2</ExceedanceFactor>
              <ExceedanceOffset>1</ExceedanceOffset>
            </li>
            <li Class="RW_ModularizationWeapon.CompProperties_ModularizationWeapon">
              <attachmentProperties>
                <li>
                  <id>foregrip</id>
                  <name>foregrip Part</name>
                  <UITexPath>Things/WeaponPart/AF_Empty</UITexPath>
                  <position>(0,0.1,0)</position>
                  <rotation>(0,0,0)</rotation>
                  <scale>(1,1,1)</scale>
                  <allowEmpty>true</allowEmpty>
                  <positionInPixelSize>false</positionInPixelSize>
                  <filter>
                    <thingDefs>
                      <li>AF_WoodenPistolForegrip</li>
                    </thingDefs>
                  </filter>
                </li>
                <li>
                  <id>sight</id>
                  <name>sight Part</name>
                  <UITexPath>Things/WeaponPart/AF_Empty</UITexPath>
                  <position>(0,0.1,0)</position>
                  <rotation>(0,0,0)</rotation>
                  <scale>(1,1,1)</scale>
                  <allowEmpty>true</allowEmpty>
                  <positionInPixelSize>false</positionInPixelSize>
                  <filter>
                    <thingDefs>
                      <li>AF_MusketBasicSight</li>
                      <li>AF_MusketImprovedSight</li>
                      <li>AF_MusketSharpshooterSight</li>
                    </thingDefs>
                  </filter>
                </li>
                <li>
                  <id>bayonet</id>
                  <name>bayonet lug</name>
                  <UITexPath>Things/WeaponPart/AF_Empty</UITexPath>
                  <position>(153,0.-1,0)</position>
                  <rotation>(0,0,0)</rotation>
                  <scale>(1,1,1)</scale>
                  <allowEmpty>true</allowEmpty>
                  <positionInPixelSize>true</positionInPixelSize>
                  <notUseTools>false</notUseTools>
                  <filter>
                    <thingDefs>
                      <li>AF_MusketBayonet</li>
                    </thingDefs>
                  </filter>
                </li>
                <li>
                  <id>sling</id>
                  <name>sling attach points</name>
                  <UITexPath>Things/WeaponPart/AF_Empty</UITexPath>
                  <position>(0,0.0,0)</position>
                  <rotation>(0,0,0)</rotation>
                  <scale>(1.5,1,1)</scale>
                  <allowEmpty>true</allowEmpty>
                  <positionInPixelSize>false</positionInPixelSize>
                  <filter>
                    <thingDefs>
                      <li>AF_LeatherSling</li>
                      <li>AF_TextileSling</li>
                    </thingDefs>
                  </filter>
                </li>
              </attachmentProperties>
            </li>
          </value>
        </li>
        <li Class="XmlExtensions.PatchOperationAddOrReplace">
          <xpath>*/ThingDef[defName="AF_FowlingPieceDouble"]/comps</xpath>
          <checkAttributes>true</checkAttributes>
          <value>
            <li Class="RW_NodeTree.CompProperties_ChildNodeProccesser">
              <TextureSizeFactor>512</TextureSizeFactor>
              <TextureFilterMode>Point</TextureFilterMode>
              <ExceedanceFactor>2</ExceedanceFactor>
              <ExceedanceOffset>1</ExceedanceOffset>
            </li>
            <li Class="RW_ModularizationWeapon.CompProperties_ModularizationWeapon">
              <attachmentProperties>
                <li>
                  <id>foregrip</id>
                  <name>foregrip Part</name>
                  <UITexPath>Things/WeaponPart/AF_Empty</UITexPath>
                  <position>(0,0.1,0)</position>
                  <rotation>(0,0,0)</rotation>
                  <scale>(1,1,1)</scale>
                  <allowEmpty>true</allowEmpty>
                  <positionInPixelSize>false</positionInPixelSize>
                  <filter>
                    <thingDefs>
                      <li>AF_WoodenPistolForegrip</li>
                    </thingDefs>
                  </filter>
                </li>
                <li>
                  <id>sight</id>
                  <name>sight Part</name>
                  <UITexPath>Things/WeaponPart/AF_Empty</UITexPath>
                  <position>(0,0.1,0)</position>
                  <rotation>(0,0,0)</rotation>
                  <scale>(1,1,1)</scale>
                  <allowEmpty>true</allowEmpty>
                  <positionInPixelSize>false</positionInPixelSize>
                  <filter>
                    <thingDefs>
                      <li>AF_MusketBasicSight</li>
                      <li>AF_MusketImprovedSight</li>
                      <li>AF_MusketSharpshooterSight</li>
                    </thingDefs>
                  </filter>
                </li>
                <li>
                  <id>sling</id>
                  <name>sling attach points</name>
                  <UITexPath>Things/WeaponPart/AF_Empty</UITexPath>
                  <position>(0,0.0,0)</position>
                  <rotation>(0,0,0)</rotation>
                  <scale>(1.5,1,1)</scale>
                  <allowEmpty>true</allowEmpty>
                  <positionInPixelSize>false</positionInPixelSize>
                  <filter>
                    <thingDefs>
                      <li>AF_LeatherSling</li>
                      <li>AF_TextileSling</li>
                    </thingDefs>
                  </filter>
                </li>
              </attachmentProperties>
            </li>
          </value>
        </li>
        <li Class="XmlExtensions.PatchOperationAddOrReplace">
          <xpath>*/ThingDef[defName="AF_FlintlockCarbine"]/comps</xpath>
          <checkAttributes>true</checkAttributes>
          <value>
            <li Class="RW_NodeTree.CompProperties_ChildNodeProccesser">
              <TextureSizeFactor>512</TextureSizeFactor>
              <TextureFilterMode>Point</TextureFilterMode>
              <ExceedanceFactor>2</ExceedanceFactor>
              <ExceedanceOffset>1</ExceedanceOffset>
            </li>
            <li Class="RW_ModularizationWeapon.CompProperties_ModularizationWeapon">
              <attachmentProperties>
                <li>
                  <id>foregrip</id>
                  <name>foregrip Part</name>
                  <UITexPath>Things/WeaponPart/AF_Empty</UITexPath>
                  <position>(0,0.1,0)</position>
                  <rotation>(0,0,0)</rotation>
                  <scale>(1,1,1)</scale>
                  <allowEmpty>true</allowEmpty>
                  <positionInPixelSize>false</positionInPixelSize>
                  <filter>
                    <thingDefs>
                      <li>AF_WoodenPistolForegrip</li>
                    </thingDefs>
                  </filter>
                </li>
                <li>
                  <id>sight</id>
                  <name>sight Part</name>
                  <UITexPath>Things/WeaponPart/AF_Empty</UITexPath>
                  <position>(0,0.1,0)</position>
                  <rotation>(0,0,0)</rotation>
                  <scale>(1,1,1)</scale>
                  <allowEmpty>true</allowEmpty>
                  <positionInPixelSize>false</positionInPixelSize>
                  <filter>
                    <thingDefs>
                      <li>AF_MusketBasicSight</li>
                      <li>AF_MusketImprovedSight</li>
                      <li>AF_MusketSharpshooterSight</li>
                    </thingDefs>
                  </filter>
                </li>
                <li>
                  <id>bayonet</id>
                  <name>bayonet lug</name>
                  <UITexPath>Things/WeaponPart/AF_Empty</UITexPath>
                  <position>(88,0.0,0)</position>
                  <rotation>(0,0,0)</rotation>
                  <scale>(1,1,1)</scale>
                  <allowEmpty>true</allowEmpty>
                  <positionInPixelSize>true</positionInPixelSize>
                  <notUseTools>false</notUseTools>
                  <filter>
                    <thingDefs>
                      <li>AF_MusketBayonet</li>
                    </thingDefs>
                  </filter>
                </li>
                <li>
                  <id>sling</id>
                  <name>sling attach points</name>
                  <UITexPath>Things/WeaponPart/AF_Empty</UITexPath>
                  <position>(0,0.0,0)</position>
                  <rotation>(0,0,0)</rotation>
                  <scale>(1,1,1)</scale>
                  <allowEmpty>true</allowEmpty>
                  <positionInPixelSize>false</positionInPixelSize>
                  <filter>
                    <thingDefs>
                      <li>AF_LeatherSling</li>
                      <li>AF_TextileSling</li>
                    </thingDefs>
                  </filter>
                </li>
              </attachmentProperties>
            </li>
          </value>
        </li>
        <li Class="XmlExtensions.PatchOperationAddOrReplace">
          <xpath>*/ThingDef[defName="AF_FlintlockFusil"]/comps</xpath>
          <checkAttributes>true</checkAttributes>
          <value>
            <li Class="RW_NodeTree.CompProperties_ChildNodeProccesser">
              <TextureSizeFactor>512</TextureSizeFactor>
              <TextureFilterMode>Point</TextureFilterMode>
              <ExceedanceFactor>2</ExceedanceFactor>
              <ExceedanceOffset>1</ExceedanceOffset>
            </li>
            <li Class="RW_ModularizationWeapon.CompProperties_ModularizationWeapon">
              <attachmentProperties>
                <li>
                  <id>foregrip</id>
                  <name>foregrip Part</name>
                  <UITexPath>Things/WeaponPart/AF_Empty</UITexPath>
                  <position>(0,0.1,0)</position>
                  <rotation>(0,0,0)</rotation>
                  <scale>(1,1,1)</scale>
                  <allowEmpty>true</allowEmpty>
                  <positionInPixelSize>false</positionInPixelSize>
                  <filter>
                    <thingDefs>
                      <li>AF_WoodenPistolForegrip</li>
                    </thingDefs>
                  </filter>
                </li>
                <li>
                  <id>sight</id>
                  <name>sight Part</name>
                  <UITexPath>Things/WeaponPart/AF_Empty</UITexPath>
                  <position>(0,0.1,0)</position>
                  <rotation>(0,0,0)</rotation>
                  <scale>(1,1,1)</scale>
                  <allowEmpty>true</allowEmpty>
                  <positionInPixelSize>false</positionInPixelSize>
                  <filter>
                    <thingDefs>
                      <li>AF_MusketBasicSight</li>
                      <li>AF_MusketImprovedSight</li>
                      <li>AF_MusketSharpshooterSight</li>
                    </thingDefs>
                  </filter>
                </li>
                <li>
                  <id>bayonet</id>
                  <name>bayonet lug</name>
                  <UITexPath>Things/WeaponPart/AF_Empty</UITexPath>
                  <position>(87,0.0,0)</position>
                  <rotation>(0,0,0)</rotation>
                  <scale>(1,1,1)</scale>
                  <allowEmpty>true</allowEmpty>
                  <positionInPixelSize>true</positionInPixelSize>
                  <notUseTools>false</notUseTools>
                  <filter>
                    <thingDefs>
                      <li>AF_MusketBayonet</li>
                    </thingDefs>
                  </filter>
                </li>
                <li>
                  <id>sling</id>
                  <name>sling attach points</name>
                  <UITexPath>Things/WeaponPart/AF_Empty</UITexPath>
                  <position>(0,0.0,0)</position>
                  <rotation>(0,0,0)</rotation>
                  <scale>(1,1,1)</scale>
                  <allowEmpty>true</allowEmpty>
                  <positionInPixelSize>false</positionInPixelSize>
                  <filter>
                    <thingDefs>
                      <li>AF_LeatherSling</li>
                      <li>AF_TextileSling</li>
                    </thingDefs>
                  </filter>
                </li>
              </attachmentProperties>
            </li>
          </value>
        </li>
      </operations>
    </match>
  </Operation>
</Patch>