﻿<?xml version="1.0" encoding="utf-8"?>
<Defs>

  <!-- ==================== Gonne ========================== -->

  <SoundDef>
    <defName>Shot_Gonne</defName>
    <context>MapOnly</context>
    <eventNames />
    <maxSimultaneous>1</maxSimultaneous>
    <subSounds>
      <li>
        <grains>
          <li Class="AudioGrain_Clip">
            <clipPath>blackPowderGuns/gonne</clipPath>
          </li>
        </grains>
        <pitchRange>
          <min>0.9152174</min>
          <max>1.042391</max>
        </pitchRange>
      </li>
    </subSounds>
  </SoundDef>

  <!-- ==================== matchlock Arquebus ========================== -->

  <SoundDef>
    <defName>Shot_MatchlockArquebus</defName>
    <context>MapOnly</context>
    <eventNames />
    <maxSimultaneous>1</maxSimultaneous>
    <subSounds>
      <li>
        <grains>
          <li Class="AudioGrain_Clip">
            <clipPath>blackPowderGuns/matchlockArquebus</clipPath>
          </li>
        </grains>
        <pitchRange>
          <min>0.9152174</min>
          <max>1.042391</max>
        </pitchRange>
      </li>
    </subSounds>
  </SoundDef>
  
</Defs>