<?xml version="1.0" encoding="utf-8" ?>
<Defs>
  <CombatExtended.AmmoSetDef>
    <defName>AmmoSet_FowlingPiece</defName>
    <label>12 Gauge</label>
    <ammoTypes>
      <Ammo_Gauge_Salt>Bullet_Gauge_Salt</Ammo_Gauge_Salt>
      <Ammo_10Gauge_Buck>Bullet_10Gauge_Buck</Ammo_10Gauge_Buck>
      <Ammo_12Gauge_Magnum>Bullet_12Gauge_Magnum</Ammo_12Gauge_Magnum>
      <Ammo_12Gauge_Buck>Bullet_12Gauge_Buck</Ammo_12Gauge_Buck>
      <Ammo_12Gauge_Bird>Bullet_12Gauge_Bird</Ammo_12Gauge_Bird>
      <Ammo_12Gauge_Slug>Bullet_12Gauge_Slug</Ammo_12Gauge_Slug>
      <Ammo_12Gauge_Beanbag>Bullet_12Gauge_Beanbag</Ammo_12Gauge_Beanbag>
      <Ammo_12Gauge_ElectroSlug>Bullet_12Gauge_ElectroSlug</Ammo_12Gauge_ElectroSlug>
    </ammoTypes>
  </CombatExtended.AmmoSetDef>
  <!-- ==================FowlingPieceSingle============================ -->
  <ThingDef ParentName="BaseGun_LongBarreled">
    <defName>AF_FowlingPieceSingle</defName>
    <label>FowlingPiece, 12G caliber</label>
    <description>A very long-barreled shotgun designed for hunting, customarily loaded with birdshot. \nCaliber: 12G</description>
    <graphicData>
      <texPath>Things/Weapons/AFFowlingPiece</texPath>
      <graphicClass>Graphic_Single</graphicClass>
    </graphicData>
    <soundInteract>Interact_Shotgun</soundInteract>
    <thingCategories>
      <li>BlackPowderGun</li>
    </thingCategories>
    <weaponTags>
      <li>Rifles</li>
    </weaponTags>
    <statBases>
      <MarketValue>135</MarketValue>
      <SightsEfficiency>0.8</SightsEfficiency>
      <ShotSpread>0.11</ShotSpread>
      <SwayFactor>2.3</SwayFactor>
      <RangedWeapon_Cooldown>0.88</RangedWeapon_Cooldown>
      <Bulk>18.7</Bulk>
      <Mass>4.3</Mass>
      <WorkToMake>14500</WorkToMake>
    </statBases>
    <verbs>
      <li Class="CombatExtended.VerbPropertiesCE">
        <verbClass>CombatExtended.Verb_ShootCE</verbClass>
        <hasStandardCommand>true</hasStandardCommand>
        <defaultProjectile>Bullet_12Gauge_Bird</defaultProjectile>
        <warmupTime>0.6</warmupTime>
        <range>15</range>
        <soundCast>BrownBess</soundCast>
        <soundCastTail>GunTail_Heavy</soundCastTail>
        <muzzleFlashScale>9</muzzleFlashScale>
      </li>
    </verbs>
    <comps>
      <li Class="CombatExtended.CompProperties_FireModes">
        <aiAimMode>AimedShot</aiAimMode>
      </li>
      <li Class="CombatExtended.CompProperties_AmmoUser">
        <magazineSize>1</magazineSize>
        <reloadTime>6</reloadTime>
        <ammoSet>AmmoSet_FowlingPiece</ammoSet>
      </li>
    </comps>
    <modExtensions>
      <li Class="CombatExtended.GunDrawExtension">
        <DrawSize>1.6,1.6</DrawSize>
      </li>
    </modExtensions>
    <smeltProducts>
      <ComponentMedieval>3</ComponentMedieval>
    </smeltProducts>
    
  </ThingDef>
  <!-- ==================FowlingPieceDouble============================ -->
  <ThingDef ParentName="BaseGun_LongBarreled">
    <defName>AF_FowlingPieceDouble</defName>
    <label>FowlingPiece, 12G caliber</label>
    <description>A very long double barreled shotgun designed for hunting, customarily loaded with birdshot. \nCaliber: 12G</description>
    <graphicData>
      <texPath>Things/Weapons/AFFowlingPiece</texPath>
      <graphicClass>Graphic_Single</graphicClass>
    </graphicData>
    <soundInteract>Interact_Shotgun</soundInteract>
    <thingCategories>
      <li>BlackPowderGun</li>
    </thingCategories>
    <weaponTags>
      <li>Rifles</li>
    </weaponTags>
    <statBases>
      <MarketValue>170</MarketValue>
      <SightsEfficiency>0.8</SightsEfficiency>
      <ShotSpread>0.11</ShotSpread>
      <SwayFactor>2.64</SwayFactor>
      <RangedWeapon_Cooldown>0.87</RangedWeapon_Cooldown>
      <Bulk>18.7</Bulk>
      <Mass>7.71</Mass>
      <WorkToMake>16500</WorkToMake>
    </statBases>
    <verbs>
      <li Class="CombatExtended.VerbPropertiesCE">
        <verbClass>CombatExtended.Verb_ShootCE</verbClass>
        <hasStandardCommand>true</hasStandardCommand>
        <defaultProjectile>Bullet_12Gauge_Bird</defaultProjectile>
        <warmupTime>0.6</warmupTime>
        <range>15</range>
        <soundCast>BrownBess</soundCast>
        <soundCastTail>GunTail_Heavy</soundCastTail>
        <muzzleFlashScale>9</muzzleFlashScale>
      </li>
    </verbs>
    <comps>
      <li Class="CombatExtended.CompProperties_FireModes">
        <aiAimMode>AimedShot</aiAimMode>
      </li>
      <li Class="CombatExtended.CompProperties_AmmoUser">
        <magazineSize>2</magazineSize>
        <reloadOneAtATime>true</reloadOneAtATime>
        <reloadTime>6</reloadTime>
        <ammoSet>AmmoSet_FowlingPiece</ammoSet>
      </li>
    </comps>
    <modExtensions>
      <li Class="CombatExtended.GunDrawExtension">
        <DrawSize>1.6,1.6</DrawSize>
      </li>
    </modExtensions>
    <smeltProducts>
      <ComponentMedieval>3</ComponentMedieval>
    </smeltProducts>
    
  </ThingDef>
  <!-- ====================RECIPE_FowlingPieceSingle========================== -->
  <RecipeDef ParentName="RangedWeaponRecipeBase">
    <defName>BuildAF_FowlingPiece</defName>
    <label>Build FowlingPiece</label>
    <description>Builds a miniature cannon, cast in bronze, mounted on the end of a wooden pole. .\nCaliber: 12G FowlingPiece</description>
    <jobString>Building FowlingPiece.</jobString>
    <workAmount>14500</workAmount>
    <skillRequirements>
      <Crafting>8</Crafting>
    </skillRequirements>
    <ingredients>
      <li>
        <filter>
          <thingDefs>
            <li>AF_MusketWeaponPart</li>
          </thingDefs>
        </filter>
        <count>1</count>
      </li>
      <li>
        <filter>
          <thingDefs>
            <li>SmallFlintBlocks</li>
          </thingDefs>
        </filter>
        <count>1</count>
      </li>
      <li>
        <filter>
          <categories>
            <li>SLDBar</li>
          </categories>
        </filter>
        <count>80</count>
      </li>
      <li>
        <filter>
          <categories>
            <li>Woody</li>
          </categories>
        </filter>
        <count>15</count>
      </li>
    </ingredients>
    <products>
      <AF_FowlingPieceSingle>1</AF_FowlingPieceSingle>
    </products>
    <fixedIngredientFilter>
      <thingDefs>
        <li>AF_MusketWeaponPart</li>
        <li>SmallFlintBlocks</li>
      </thingDefs>
      <categories>
        <li>SLDBar</li>
        <li>Woody</li>
      </categories>
    </fixedIngredientFilter>
    <recipeUsers>
      <li>MusketBench</li>
    </recipeUsers>
    <researchPrerequisite>Muskets_B1</researchPrerequisite>
    <unfinishedThingDef>UnfinishedGun</unfinishedThingDef>
  </RecipeDef>
  <!-- ====================RECIPE_FowlingPieceSingle========================== -->
  <RecipeDef ParentName="RangedWeaponRecipeBase">
    <defName>BuildAF_FowlingPieceDouble</defName>
    <label>Build FowlingPiece</label>
    <description>Builds a miniature cannon, cast in bronze, mounted on the end of a wooden pole. .\nCaliber: 12G FowlingPiece</description>
    <jobString>Building FowlingPiece.</jobString>
    <workAmount>6000</workAmount>
    <skillRequirements>
      <Crafting>8</Crafting>
    </skillRequirements>
    <ingredients>
      <li>
        <filter>
          <thingDefs>
            <li>AF_MusketWeaponPart</li>
          </thingDefs>
        </filter>
        <count>2</count>
      </li>
      <li>
        <filter>
          <thingDefs>
            <li>SmallFlintBlocks</li>
          </thingDefs>
        </filter>
        <count>2</count>
      </li>
      <li>
        <filter>
          <categories>
            <li>SLDBar</li>
          </categories>
        </filter>
        <count>90</count>
      </li>
      <li>
        <filter>
          <categories>
            <li>Woody</li>
          </categories>
        </filter>
        <count>15</count>
      </li>
    </ingredients>
    <products>
      <AF_FowlingPieceDouble>1</AF_FowlingPieceDouble>
    </products>
    <fixedIngredientFilter>
      <thingDefs>
        <li>AF_MusketWeaponPart</li>
        <li>SmallFlintBlocks</li>
      </thingDefs>
      <categories>
        <li>SLDBar</li>
        <li>Woody</li>
      </categories>
    </fixedIngredientFilter>
    <recipeUsers>
      <li>MusketBench</li>
    </recipeUsers>
    <researchPrerequisite>Muskets_B1</researchPrerequisite>
    <unfinishedThingDef>UnfinishedGun</unfinishedThingDef>
  </RecipeDef>
</Defs>