<?xml version="1.0" encoding="utf-8"?>
<ModMetaData>
  <name>AntiFriz SK Extensions</name>
  <author>AntiFriz</author>
  <packageId>AntiFriz.SK</packageId>
  <supportedVersions>
    <li>1.5</li>
  </supportedVersions>
  <modDependencies>
    <li>
      <packageId>brrainz.harmony</packageId>
      <displayName>Harmony</displayName>
      <steamWorkshopUrl>steam://url/CommunityFilePage/2009463077</steamWorkshopUrl>
      <downloadUrl>https://github.com/pardeike/HarmonyRimWorld/releases/latest</downloadUrl>
    </li>
    <li>
      <packageId>skyarkhangel.HSK</packageId>
      <displayName>Hardcore SK</displayName>
      <downloadUrl>https://github.com/skyarkhangel/Hardcore-SK</downloadUrl>
    </li>
    <li>
      <packageId>imranfish.xmlextensions</packageId>
      <displayName>XML Extensions</displayName>
      <downloadUrl>https://github.com/15adhami/XmlExtensions/releases</downloadUrl>
      <steamWorkshopUrl>steam://url/CommunityFilePage/2574315206</steamWorkshopUrl>
    </li>
    <li>
      <packageId>zacharyfoster.minerals</packageId>
      <displayName>Minerals</displayName>
      <downloadUrl>https://github.com/zachary-foster/Minerals</downloadUrl>
    </li>
    <li>
      <packageId>ViTech.MedievalOverhaul</packageId>
      <displayName>HMC Vile's Pre-Industrial</displayName>
      <downloadUrl>https://github.com/xenomacabre/VilesMods</downloadUrl>
    </li>
    <li>
      <packageId>arpomo6.hmc.project</packageId>
      <displayName>HSK more content</displayName>
      <downloadUrl>https://drive.google.com/file/d/1ezr4-kmhihfyqp9G6WSBV8HeIRsn4kBo/view</downloadUrl>
    </li>
    <li>
      <packageId>XxNelsonxX.Parabellum</packageId>
      <displayName>Parabellum</displayName>
      <downloadUrl>https://github.com/Xx-Nelson-xX/Parabellum</downloadUrl>
    </li>
  </modDependencies>
  <loadBefore>
    <li>experimental.optimizations</li>
    <li>dubwise.dubsperformanceanalyzer.steam</li>
    <li>DimonSever000.Wiki.Specific</li>
    <li>mlie.wikirim</li>
    <li>Taranchuk.PerformanceOptimizer</li>
    <li>notooshabby.rocketman</li>
    <li>Krkr.RocketMan</li>
  </loadBefore>
  <loadAfter>
    <li>Ludeon.RimWorld</li>
    <li>Ludeon.RimWorld.Royalty</li>
    <li>Ludeon.RimWorld.Ideology</li>
    <li>Ludeon.RimWorld.Biotech</li>
    <li>imranfish.xmlextensions</li>
    <li>ceteam.combatextended</li>
    <li>arpomo6.hmc.project</li>
    <li>zacharyfoster.minerals</li>
    <li>GhostData.lifelessons</li>
    <li>XxNelsonxX.Parabellum</li>
    <li>ViTech.MedievalOverhaul</li>
  </loadAfter>
  <description>This mod adds an extensive collection of early firearms, ammunition, and medieval-to-industrial weapon progression for Hardcore SK. Features include matchlock arquebuses, flintlock muskets, wheellock rifles, percussion cap weapons, and early breechloaders. Also includes planned content for Warhammer 40K weapons and exotic modern firearms inspired by Forgotten Weapons. Also other stuff, that i found useful.</description>
  <url>https://github.com/Anti-Friz/AntiFriz_HSK_Extensions</url>
</ModMetaData>