﻿<?xml version="1.0" encoding="utf-8" ?>
<Defs>
  <ThingDef ParentName="GunPartBase">
    <defName>AF_MusketBasicSight</defName>
    <label>Basic musket sights</label>
    <comps>
      <li Class="RW_ModularizationWeapon.CompProperties_ModularizationWeapon">
        <PartTexPath>Things/WeaponPart/AF_Empty</PartTexPath>
        <statOffset>
          <Bulk>0</Bulk>
        </statOffset>
        <verbPropertiesOffseter>
          <li>
            <range>5</range>
          </li>
        </verbPropertiesOffseter>
        <statMultiplier>
          <SightsEfficiency>1</SightsEfficiency>
          <ShotSpread>1</ShotSpread>
          <RangedWeapon_Cooldown>1</RangedWeapon_Cooldown>
        </statMultiplier>
      </li>
    </comps>
    <costList>
      <ComponentMedieval>1</ComponentMedieval>
    </costList>
    <recipeMaker>
      <recipeUsers>
        <li>MusketBench</li>
      </recipeUsers>
      <researchPrerequisite>AF_MusketAttachments</researchPrerequisite>
      <skillRequirements>
        <Crafting>5</Crafting>
      </skillRequirements>
    </recipeMaker>
  </ThingDef>
  <ThingDef ParentName="GunPartBase">
    <defName>AF_MusketImprovedSight</defName>
    <label>Improved musket sights</label>
    <comps>
      <li Class="RW_ModularizationWeapon.CompProperties_ModularizationWeapon">
        <PartTexPath>Things/WeaponPart/AF_Empty</PartTexPath>
        <statOffset>
          <Bulk>0.1</Bulk>
        </statOffset>
        <verbPropertiesOffseter>
          <li>
            <range>15</range>
          </li>
        </verbPropertiesOffseter>
        <statMultiplier>
          <SightsEfficiency>1.1</SightsEfficiency>
          <ShotSpread>0.9</ShotSpread>
          <RangedWeapon_Cooldown>0.9</RangedWeapon_Cooldown>
        </statMultiplier>
      </li>
    </comps>
    <costList>
      <ComponentMedieval>2</ComponentMedieval>
    </costList>
    <stuffCategories>
      <li>Metallic</li>
    </stuffCategories>
    <costStuffCount>5</costStuffCount>
    <recipeMaker>
      <recipeUsers>
        <li>MusketBench</li>
      </recipeUsers>
      <researchPrerequisite>AF_MusketAttachments</researchPrerequisite>
      <skillRequirements>
        <Crafting>10</Crafting>
      </skillRequirements>
    </recipeMaker>
  </ThingDef>
  <ThingDef ParentName="GunPartBase">
    <defName>AF_MusketSharpshooterSight</defName>
    <label>Sharpshooter musket sights</label>
    <statBases>
      <WorkToMake>3000</WorkToMake>
    </statBases>
    <comps>
      <li Class="RW_ModularizationWeapon.CompProperties_ModularizationWeapon">
        <PartTexPath>Things/WeaponPart/AF_Empty</PartTexPath>
        <statOffset>
          <Bulk>0.15</Bulk>
        </statOffset>
        <verbPropertiesOffseter>
          <li>
            <range>25</range>
          </li>
        </verbPropertiesOffseter>
        <statMultiplier>
          <SightsEfficiency>1.2</SightsEfficiency>
          <ShotSpread>0.85</ShotSpread>
          <RangedWeapon_Cooldown>0.85</RangedWeapon_Cooldown>
        </statMultiplier>
      </li>
    </comps>
    <costList>
      <ComponentMedieval>2</ComponentMedieval>
    </costList>
    <stuffCategories>
      <li>Metallic</li>
    </stuffCategories>
    <costStuffCount>15</costStuffCount>
    <recipeMaker>
      <recipeUsers>
        <li>MusketBench</li>
      </recipeUsers>
      <researchPrerequisite>AF_MusketAttachments</researchPrerequisite>
      <skillRequirements>
        <Crafting>10</Crafting>
      </skillRequirements>
    </recipeMaker>
  </ThingDef>
  <!--<ThingDef ParentName="GunPartBase">
    <defName>AF_TacticalMusketSightRail</defName>
    <label>Tactical rail</label>
    <statBases>
      <WorkToMake>3000</WorkToMake>
    </statBases>
    <comps>
      <li Class="RW_ModularizationWeapon.CompProperties_ModularizationWeapon">
        <PartTexPath>Things/WeaponPart/AF_Empty</PartTexPath>
        <statOffset>
          <Bulk>0.15</Bulk>
        </statOffset>
        <statMultiplier>
          <SightsEfficiency>0.99</SightsEfficiency>
          <RangedWeapon_Cooldown>1.01</RangedWeapon_Cooldown>
        </statMultiplier>
        <attachmentProperties>
          <li>
            <id>railSight</id>
            <name>sight</name>
            <position>(0,0.1,0)</position>
            <rotation>(0,0,0)</rotation>
            <scale>(1,1,1)</scale>
            <UITexPath>ui/icons/AttachmentIcon/AttachmentIcon_AF_MusketImprovedSight</UITexPath>
            <allowEmpty>true</allowEmpty>
            <positionInPixelSize>false</positionInPixelSize>
            <filter>
              <thingDefs>
                <li>Module_ZF4S</li>
              </thingDefs>
            </filter>
          </li>
        </attachmentProperties>
      </li>
    </comps>
    <costList>
      <ComponentIndustrial>4</ComponentIndustrial>
    </costList>
    <stuffCategories>
      <li>Metallic</li>
    </stuffCategories>
    <costStuffCount>10</costStuffCount>
    <recipeMaker>
      <recipeUsers>
        <li>MusketBench</li>
      </recipeUsers>
      <researchPrerequisite>AF_MusketAttachments</researchPrerequisite>
      <skillRequirements>
        <Crafting>5</Crafting>
      </skillRequirements>
    </recipeMaker>
  </ThingDef>-->
</Defs>