<?xml version="1.0" encoding="utf-8" ?>
<Defs>
  <!-- ==================THING============================ -->
  <ThingDef ParentName="BaseGun_LongBarreled">
    <defName>AF_WingedTigerGun</defName>
    <label>Winged Tiger Gun, .55 caliber</label>
    <description>A short-barreled cavalrymen musket. To allow multiple shots, it has three loaded barrels that can be fired separately. \nCaliber: .55</description>
    <graphicData>
      <texPath>Things/Weapons/AFWingedTigerGun</texPath>
      <graphicClass>Graphic_Single</graphicClass>
    </graphicData>
    <soundInteract>Interact_Shotgun</soundInteract>
    <thingCategories>
      <li>BlackPowderGun</li>
    </thingCategories>
    <weaponTags>
      <li>Rifles</li>
    </weaponTags>
    <statBases>
      <MarketValue>220</MarketValue>
      <SightsEfficiency>0.45</SightsEfficiency>
      <ShotSpread>0.45</ShotSpread>
      <SwayFactor>1.24</SwayFactor>
      <RangedWeapon_Cooldown>0.86</RangedWeapon_Cooldown>
      <Bulk>9.5</Bulk>
      <Mass>2.94</Mass>
      <WorkToMake>8000</WorkToMake>
    </statBases>
    <verbs>
      <li Class="CombatExtended.VerbPropertiesCE">
        <verbClass>CombatExtended.Verb_ShootCE</verbClass>
        <hasStandardCommand>true</hasStandardCommand>
        <defaultProjectile>Bullet_55Caliber_Lead</defaultProjectile>
        <warmupTime>0.9</warmupTime>
        <range>12</range>
        <recoilAmount>1.65</recoilAmount>
        <soundCast>Springfield</soundCast>
        <soundCastTail>GunTail_Heavy</soundCastTail>
        <muzzleFlashScale>9</muzzleFlashScale>
      </li>
    </verbs>
    <comps>
      <li Class="CombatExtended.CompProperties_FireModes">
        <aiAimMode>AimedShot</aiAimMode>
      </li>
      <li Class="CombatExtended.CompProperties_AmmoUser">
        <magazineSize>3</magazineSize>
        <reloadTime>6</reloadTime>
        <reloadOneAtATime>true</reloadOneAtATime>
        <ammoSet>AmmoSet_55Caliber</ammoSet>
      </li>
    </comps>
    <modExtensions>
      <li Class="CombatExtended.GunDrawExtension">
        <DrawSize>1.4,1.4</DrawSize>
      </li>
    </modExtensions>
    <smeltProducts>
      <ComponentMedieval>1</ComponentMedieval>
    </smeltProducts>
    
  </ThingDef>
  <!-- ====================RECIPE========================== -->
  <RecipeDef ParentName="RangedWeaponRecipeBase">
    <defName>BuildAF_WingedTigerGun</defName>
    <label>Build Winged Tiger Gun</label>
    <description>Winged Tiger Gun. .\nCaliber: .55</description>
    <jobString>Building Winged Tiger Gun.</jobString>
    <workAmount>8000</workAmount>
    <skillRequirements>
      <Crafting>5</Crafting>
    </skillRequirements>
    <ingredients>
      <li>
        <filter>
          <thingDefs>
            <li>ComponentMedieval</li>
          </thingDefs>
        </filter>
        <count>1</count>
      </li>
      <li>
        <filter>
          <thingDefs>
            <li>RushlightFuel</li>
            <li>CandleFuel</li>
          </thingDefs>
        </filter>
        <count>2</count>
      </li>
      <li>
        <filter>
          <categories>
            <li>SLDBar</li>
          </categories>
        </filter>
        <count>95</count>
      </li>
      <li>
        <filter>
          <categories>
            <li>Woody</li>
          </categories>
        </filter>
        <count>10</count>
      </li>
    </ingredients>
    <products>
      <AF_WingedTigerGun>1</AF_WingedTigerGun>
    </products>
    <fixedIngredientFilter>
      <thingDefs>
        <li>ComponentMedieval</li>
        <li>RushlightFuel</li>
        <li>CandleFuel</li>
      </thingDefs>
      <categories>
        <li>SLDBar</li>
        <li>Woody</li>
      </categories>
    </fixedIngredientFilter>
    <recipeUsers>
      <li>MusketBench</li>
    </recipeUsers>
    <researchPrerequisite>AF_Matchlocks</researchPrerequisite>
    <unfinishedThingDef>UnfinishedGun</unfinishedThingDef>
  </RecipeDef>
</Defs>