﻿<?xml version="1.0" encoding="utf-8" ?>
<Defs>
  <ThingDef ParentName="BaseGun_ShortBarreled">
    <defName>AF_PocketPistol</defName>
    <label>Pocket Pistol</label>
    <description>A small pistol with a very short barrel – just over 4” long – designed to be concealed under clothing. \nCaliber: .33</description>
    <graphicData>
      <texPath>Things/Weapons/AFPocketPistol</texPath>
      <graphicClass>Graphic_Single</graphicClass>
    </graphicData>
    <soundInteract>BPInteract</soundInteract>
    <statBases>
      <MarketValue>190</MarketValue>
      <SightsEfficiency>0.2</SightsEfficiency>
      <ShotSpread>0.6</ShotSpread>
      <SwayFactor>0.47</SwayFactor>
      <RangedWeapon_Cooldown>0.98</RangedWeapon_Cooldown>
      <Bulk>1.1</Bulk>
      <Mass>0.31</Mass>
      <WorkToMake>5500</WorkToMake>
      <MaxHitPoints>15</MaxHitPoints>
      <SellPriceFactor>0.6</SellPriceFactor>
    </statBases>
    <weaponTags>
      <li>BlackPowderGun</li>
    </weaponTags>
    <thingCategories>
      <li>Pistols</li>
    </thingCategories>
    <verbs>
      <li Class="CombatExtended.VerbPropertiesCE">
        <verbClass>CombatExtended.Verb_ShootCE</verbClass>
        <hasStandardCommand>true</hasStandardCommand>
        <defaultProjectile>Bullet_33Caliber_Lead</defaultProjectile>
        <warmupTime>1</warmupTime>
        <range>8</range>
        <recoilAmount>5.1</recoilAmount>
        <soundCast>Pistolet</soundCast>
        <soundCastTail>GunTail_Heavy</soundCastTail>
        <muzzleFlashScale>12</muzzleFlashScale>
      </li>
    </verbs>
    <comps>
      <li Class="CombatExtended.CompProperties_FireModes">
        <aiAimMode>Snapshot</aiAimMode>
      </li>
      <li Class="CombatExtended.CompProperties_AmmoUser">
        <magazineSize>1</magazineSize>
        <reloadTime>2.5</reloadTime>
        <ammoSet>AmmoSet_33Caliber</ammoSet>
      </li>
    </comps>
    <smeltProducts Inherit="false">
      <ComponentMedieval>1</ComponentMedieval>
    </smeltProducts>
    
  </ThingDef>
  <!-- RECIPE -->
  <RecipeDef ParentName="RangedWeaponRecipeBase">
    <defName>BuildGun_AF_PocketPistol</defName>
    <label>Build Pocket Pistol</label>
    <description>Tantsutsu.</description>
    <jobString>Building Pocket Pistol.</jobString>
    <workAmount>2500</workAmount>
    <skillRequirements>
      <Crafting>8</Crafting>
    </skillRequirements>
    <ingredients>
      <li>
        <filter>
          <thingDefs>
            <li>AF_MusketWeaponPart</li>
          </thingDefs>
        </filter>
        <count>2</count>
      </li>
      <li>
        <filter>
          <thingDefs>
            <li>MagnetiteCrystal</li>
            <li>CassiteriteCrystal</li>
          </thingDefs>
        </filter>
        <count>1</count>
      </li>
      <li>
        <filter>
          <categories>
            <li>SLDBar</li>
          </categories>
        </filter>
        <count>15</count>
      </li>
      <li>
        <filter>
          <categories>
            <li>Woody</li>
          </categories>
        </filter>
        <count>5</count>
      </li>
    </ingredients>
    <products>
      <AF_PocketPistol>1</AF_PocketPistol>
    </products>
    <fixedIngredientFilter>
      <thingDefs>
        <li>AF_MusketWeaponPart</li>
        <li>MagnetiteCrystal</li>
        <li>CassiteriteCrystal</li>
      </thingDefs>
      <categories>
        <li>SLDBar</li>
        <li>Woody</li>
      </categories>
    </fixedIngredientFilter>
    <recipeUsers>
      <li>MusketBench</li>
    </recipeUsers>
    <researchPrerequisite>AF_Wheellocks</researchPrerequisite>
    <unfinishedThingDef>UnfinishedGun</unfinishedThingDef>
  </RecipeDef>
</Defs>
